solid OpenSCAD_Model
  facet normal 1 -0 0
    outer loop
      vertex 13.2 22.2 13.1163
      vertex 13.2 25.2 12
      vertex 13.2 25.2 13.1163
    endloop
  endfacet
  facet normal 1 0 0
    outer loop
      vertex 13.2 25.2 12
      vertex 13.2 22.2 13.1163
      vertex 13.2 22.2 12
    endloop
  endfacet
  facet normal -0 0 1
    outer loop
      vertex 10.2 25.2 13.1163
      vertex 13.2 22.2 13.1163
      vertex 13.2 25.2 13.1163
    endloop
  endfacet
  facet normal 0 0 1
    outer loop
      vertex 13.2 22.2 13.1163
      vertex 10.2 25.2 13.1163
      vertex 10.2 22.2 13.1163
    endloop
  endfacet
  facet normal 0 0 -1
    outer loop
      vertex 10.2 22.2 12
      vertex 13.2 25.2 12
      vertex 13.2 22.2 12
    endloop
  endfacet
  facet normal -0 0 -1
    outer loop
      vertex 13.2 25.2 12
      vertex 10.2 22.2 12
      vertex 10.2 25.2 12
    endloop
  endfacet
  facet normal -1 0 0
    outer loop
      vertex 10.2 22.2 12
      vertex 10.2 25.2 13.1163
      vertex 10.2 25.2 12
    endloop
  endfacet
  facet normal -1 -0 0
    outer loop
      vertex 10.2 25.2 13.1163
      vertex 10.2 22.2 12
      vertex 10.2 22.2 13.1163
    endloop
  endfacet
  facet normal 0 1 -0
    outer loop
      vertex 13.2 25.2 12
      vertex 10.2 25.2 13.1163
      vertex 13.2 25.2 13.1163
    endloop
  endfacet
  facet normal 0 1 0
    outer loop
      vertex 10.2 25.2 13.1163
      vertex 13.2 25.2 12
      vertex 10.2 25.2 12
    endloop
  endfacet
  facet normal 0 -1 0
    outer loop
      vertex 10.2 22.2 12
      vertex 13.2 22.2 13.1163
      vertex 10.2 22.2 13.1163
    endloop
  endfacet
  facet normal 0 -1 -0
    outer loop
      vertex 13.2 22.2 13.1163
      vertex 10.2 22.2 12
      vertex 13.2 22.2 12
    endloop
  endfacet
  facet normal 1 -0 0
    outer loop
      vertex 16.2 10.2 13.8605
      vertex 16.2 13.2 12
      vertex 16.2 13.2 13.8605
    endloop
  endfacet
  facet normal 1 0 0
    outer loop
      vertex 16.2 13.2 12
      vertex 16.2 10.2 13.8605
      vertex 16.2 10.2 12
    endloop
  endfacet
  facet normal -0 0 1
    outer loop
      vertex 13.2 13.2 13.8605
      vertex 16.2 10.2 13.8605
      vertex 16.2 13.2 13.8605
    endloop
  endfacet
  facet normal 0 0 1
    outer loop
      vertex 16.2 10.2 13.8605
      vertex 13.2 13.2 13.8605
      vertex 13.2 10.2 13.8605
    endloop
  endfacet
  facet normal 0 0 -1
    outer loop
      vertex 13.2 10.2 12
      vertex 16.2 13.2 12
      vertex 16.2 10.2 12
    endloop
  endfacet
  facet normal -0 0 -1
    outer loop
      vertex 16.2 13.2 12
      vertex 13.2 10.2 12
      vertex 13.2 13.2 12
    endloop
  endfacet
  facet normal -1 0 0
    outer loop
      vertex 13.2 10.2 12
      vertex 13.2 13.2 13.8605
      vertex 13.2 13.2 12
    endloop
  endfacet
  facet normal -1 -0 0
    outer loop
      vertex 13.2 13.2 13.8605
      vertex 13.2 10.2 12
      vertex 13.2 10.2 13.8605
    endloop
  endfacet
  facet normal 0 1 -0
    outer loop
      vertex 16.2 13.2 12
      vertex 13.2 13.2 13.8605
      vertex 16.2 13.2 13.8605
    endloop
  endfacet
  facet normal 0 1 0
    outer loop
      vertex 13.2 13.2 13.8605
      vertex 16.2 13.2 12
      vertex 13.2 13.2 12
    endloop
  endfacet
  facet normal 0 -1 0
    outer loop
      vertex 13.2 10.2 12
      vertex 16.2 10.2 13.8605
      vertex 13.2 10.2 13.8605
    endloop
  endfacet
  facet normal 0 -1 -0
    outer loop
      vertex 16.2 10.2 13.8605
      vertex 13.2 10.2 12
      vertex 16.2 10.2 12
    endloop
  endfacet
  facet normal 1 -0 0
    outer loop
      vertex 16.2 19.2 13.4884
      vertex 16.2 22.2 12
      vertex 16.2 22.2 13.4884
    endloop
  endfacet
  facet normal 1 0 0
    outer loop
      vertex 16.2 22.2 12
      vertex 16.2 19.2 13.4884
      vertex 16.2 19.2 12
    endloop
  endfacet
  facet normal -0 0 1
    outer loop
      vertex 13.2 22.2 13.4884
      vertex 16.2 19.2 13.4884
      vertex 16.2 22.2 13.4884
    endloop
  endfacet
  facet normal 0 0 1
    outer loop
      vertex 16.2 19.2 13.4884
      vertex 13.2 22.2 13.4884
      vertex 13.2 19.2 13.4884
    endloop
  endfacet
  facet normal 0 0 -1
    outer loop
      vertex 13.2 19.2 12
      vertex 16.2 22.2 12
      vertex 16.2 19.2 12
    endloop
  endfacet
  facet normal -0 0 -1
    outer loop
      vertex 16.2 22.2 12
      vertex 13.2 19.2 12
      vertex 13.2 22.2 12
    endloop
  endfacet
  facet normal -1 0 0
    outer loop
      vertex 13.2 19.2 12
      vertex 13.2 22.2 13.1163
      vertex 13.2 22.2 12
    endloop
  endfacet
  facet normal -1 0 0
    outer loop
      vertex 13.2 19.2 13.4884
      vertex 13.2 22.2 13.1163
      vertex 13.2 19.2 12
    endloop
  endfacet
  facet normal -1 0 0
    outer loop
      vertex 13.2 22.2 13.1163
      vertex 13.2 19.2 13.4884
      vertex 13.2 22.2 13.4884
    endloop
  endfacet
  facet normal 0 1 0
    outer loop
      vertex 16.2 22.2 13.4884
      vertex 13.2 22.2 13.1163
      vertex 13.2 22.2 13.4884
    endloop
  endfacet
  facet normal 0 1 -0
    outer loop
      vertex 16.2 22.2 12
      vertex 13.2 22.2 13.1163
      vertex 16.2 22.2 13.4884
    endloop
  endfacet
  facet normal 0 1 0
    outer loop
      vertex 13.2 22.2 13.1163
      vertex 16.2 22.2 12
      vertex 13.2 22.2 12
    endloop
  endfacet
  facet normal 0 -1 0
    outer loop
      vertex 13.2 19.2 12
      vertex 16.2 19.2 13.4884
      vertex 13.2 19.2 13.4884
    endloop
  endfacet
  facet normal 0 -1 -0
    outer loop
      vertex 16.2 19.2 13.4884
      vertex 13.2 19.2 12
      vertex 16.2 19.2 12
    endloop
  endfacet
  facet normal 1 -0 0
    outer loop
      vertex 28.2 22.2 12.7442
      vertex 28.2 25.2 12
      vertex 28.2 25.2 12.7442
    endloop
  endfacet
  facet normal 1 0 0
    outer loop
      vertex 28.2 25.2 12
      vertex 28.2 22.2 12.7442
      vertex 28.2 22.2 12
    endloop
  endfacet
  facet normal -0 0 1
    outer loop
      vertex 25.2 25.2 12.7442
      vertex 28.2 22.2 12.7442
      vertex 28.2 25.2 12.7442
    endloop
  endfacet
  facet normal 0 0 1
    outer loop
      vertex 28.2 22.2 12.7442
      vertex 25.2 25.2 12.7442
      vertex 25.2 22.2 12.7442
    endloop
  endfacet
  facet normal 0 0 -1
    outer loop
      vertex 25.2 22.2 12
      vertex 28.2 25.2 12
      vertex 28.2 22.2 12
    endloop
  endfacet
  facet normal -0 0 -1
    outer loop
      vertex 28.2 25.2 12
      vertex 25.2 22.2 12
      vertex 25.2 25.2 12
    endloop
  endfacet
  facet normal -1 0 0
    outer loop
      vertex 25.2 22.2 12
      vertex 25.2 25.2 12.7442
      vertex 25.2 25.2 12
    endloop
  endfacet
  facet normal -1 -0 0
    outer loop
      vertex 25.2 25.2 12.7442
      vertex 25.2 22.2 12
      vertex 25.2 22.2 12.7442
    endloop
  endfacet
  facet normal 0 1 -0
    outer loop
      vertex 28.2 25.2 12
      vertex 25.2 25.2 12.7442
      vertex 28.2 25.2 12.7442
    endloop
  endfacet
  facet normal 0 1 0
    outer loop
      vertex 25.2 25.2 12.7442
      vertex 28.2 25.2 12
      vertex 25.2 25.2 12
    endloop
  endfacet
  facet normal 0 -1 0
    outer loop
      vertex 25.2 22.2 12
      vertex 28.2 22.2 12.7442
      vertex 25.2 22.2 12.7442
    endloop
  endfacet
  facet normal 0 -1 -0
    outer loop
      vertex 28.2 22.2 12.7442
      vertex 25.2 22.2 12
      vertex 28.2 22.2 12
    endloop
  endfacet
  facet normal 1 -0 0
    outer loop
      vertex 31.2 13.2 13.1163
      vertex 31.2 16.2 12.9302
      vertex 31.2 16.2 13.1163
    endloop
  endfacet
  facet normal 1 0 0
    outer loop
      vertex 31.2 13.2 12
      vertex 31.2 16.2 12.9302
      vertex 31.2 13.2 13.1163
    endloop
  endfacet
  facet normal 1 0 0
    outer loop
      vertex 31.2 16.2 12.9302
      vertex 31.2 13.2 12
      vertex 31.2 16.2 12
    endloop
  endfacet
  facet normal -0 0 1
    outer loop
      vertex 28.2 16.2 13.1163
      vertex 31.2 13.2 13.1163
      vertex 31.2 16.2 13.1163
    endloop
  endfacet
  facet normal 0 0 1
    outer loop
      vertex 31.2 13.2 13.1163
      vertex 28.2 16.2 13.1163
      vertex 28.2 13.2 13.1163
    endloop
  endfacet
  facet normal 0 0 -1
    outer loop
      vertex 28.2 13.2 12
      vertex 31.2 16.2 12
      vertex 31.2 13.2 12
    endloop
  endfacet
  facet normal -0 0 -1
    outer loop
      vertex 31.2 16.2 12
      vertex 28.2 13.2 12
      vertex 28.2 16.2 12
    endloop
  endfacet
  facet normal -1 0 0
    outer loop
      vertex 28.2 13.2 12
      vertex 28.2 16.2 13.1163
      vertex 28.2 16.2 12
    endloop
  endfacet
  facet normal -1 -0 0
    outer loop
      vertex 28.2 16.2 13.1163
      vertex 28.2 13.2 12
      vertex 28.2 13.2 13.1163
    endloop
  endfacet
  facet normal 0 1 -0
    outer loop
      vertex 31.2 16.2 12.9302
      vertex 28.2 16.2 13.1163
      vertex 31.2 16.2 13.1163
    endloop
  endfacet
  facet normal 0 1 0
    outer loop
      vertex 28.2 16.2 12
      vertex 31.2 16.2 12.9302
      vertex 31.2 16.2 12
    endloop
  endfacet
  facet normal 0 1 0
    outer loop
      vertex 31.2 16.2 12.9302
      vertex 28.2 16.2 12
      vertex 28.2 16.2 13.1163
    endloop
  endfacet
  facet normal 0 -1 0
    outer loop
      vertex 28.2 13.2 12
      vertex 31.2 13.2 13.1163
      vertex 28.2 13.2 13.1163
    endloop
  endfacet
  facet normal 0 -1 -0
    outer loop
      vertex 31.2 13.2 13.1163
      vertex 28.2 13.2 12
      vertex 31.2 13.2 12
    endloop
  endfacet
  facet normal 1 -0 0
    outer loop
      vertex 34.2 16.2 12.9302
      vertex 34.2 19.2 12
      vertex 34.2 19.2 12.9302
    endloop
  endfacet
  facet normal 1 0 0
    outer loop
      vertex 34.2 19.2 12
      vertex 34.2 16.2 12.9302
      vertex 34.2 16.2 12
    endloop
  endfacet
  facet normal -0 0 1
    outer loop
      vertex 31.2 19.2 12.9302
      vertex 34.2 16.2 12.9302
      vertex 34.2 19.2 12.9302
    endloop
  endfacet
  facet normal 0 0 1
    outer loop
      vertex 34.2 16.2 12.9302
      vertex 31.2 19.2 12.9302
      vertex 31.2 16.2 12.9302
    endloop
  endfacet
  facet normal 0 0 -1
    outer loop
      vertex 31.2 16.2 12
      vertex 34.2 19.2 12
      vertex 34.2 16.2 12
    endloop
  endfacet
  facet normal -0 0 -1
    outer loop
      vertex 34.2 19.2 12
      vertex 31.2 16.2 12
      vertex 31.2 19.2 12
    endloop
  endfacet
  facet normal -1 0 0
    outer loop
      vertex 31.2 16.2 12
      vertex 31.2 19.2 12.9302
      vertex 31.2 19.2 12
    endloop
  endfacet
  facet normal -1 -0 0
    outer loop
      vertex 31.2 19.2 12.9302
      vertex 31.2 16.2 12
      vertex 31.2 16.2 12.9302
    endloop
  endfacet
  facet normal 0 1 -0
    outer loop
      vertex 34.2 19.2 12
      vertex 31.2 19.2 12.9302
      vertex 34.2 19.2 12.9302
    endloop
  endfacet
  facet normal 0 1 0
    outer loop
      vertex 31.2 19.2 12.9302
      vertex 34.2 19.2 12
      vertex 31.2 19.2 12
    endloop
  endfacet
  facet normal 0 -1 0
    outer loop
      vertex 31.2 16.2 12
      vertex 34.2 16.2 12.9302
      vertex 31.2 16.2 12.9302
    endloop
  endfacet
  facet normal 0 -1 -0
    outer loop
      vertex 34.2 16.2 12.9302
      vertex 31.2 16.2 12
      vertex 34.2 16.2 12
    endloop
  endfacet
  facet normal 1 -0 0
    outer loop
      vertex 46.2 22.2 12.186
      vertex 46.2 25.2 12
      vertex 46.2 25.2 12.186
    endloop
  endfacet
  facet normal 1 0 0
    outer loop
      vertex 46.2 25.2 12
      vertex 46.2 22.2 12.186
      vertex 46.2 22.2 12
    endloop
  endfacet
  facet normal -0 0 1
    outer loop
      vertex 43.2 25.2 12.186
      vertex 46.2 22.2 12.186
      vertex 46.2 25.2 12.186
    endloop
  endfacet
  facet normal 0 0 1
    outer loop
      vertex 46.2 22.2 12.186
      vertex 43.2 25.2 12.186
      vertex 43.2 22.2 12.186
    endloop
  endfacet
  facet normal 0 0 -1
    outer loop
      vertex 43.2 22.2 12
      vertex 46.2 25.2 12
      vertex 46.2 22.2 12
    endloop
  endfacet
  facet normal -0 0 -1
    outer loop
      vertex 46.2 25.2 12
      vertex 43.2 22.2 12
      vertex 43.2 25.2 12
    endloop
  endfacet
  facet normal -1 0 0
    outer loop
      vertex 43.2 22.2 12
      vertex 43.2 25.2 12.186
      vertex 43.2 25.2 12
    endloop
  endfacet
  facet normal -1 -0 0
    outer loop
      vertex 43.2 25.2 12.186
      vertex 43.2 22.2 12
      vertex 43.2 22.2 12.186
    endloop
  endfacet
  facet normal 0 1 -0
    outer loop
      vertex 46.2 25.2 12
      vertex 43.2 25.2 12.186
      vertex 46.2 25.2 12.186
    endloop
  endfacet
  facet normal 0 1 0
    outer loop
      vertex 43.2 25.2 12.186
      vertex 46.2 25.2 12
      vertex 43.2 25.2 12
    endloop
  endfacet
  facet normal 0 -1 0
    outer loop
      vertex 43.2 22.2 12
      vertex 46.2 22.2 12.186
      vertex 43.2 22.2 12.186
    endloop
  endfacet
  facet normal 0 -1 -0
    outer loop
      vertex 46.2 22.2 12.186
      vertex 43.2 22.2 12
      vertex 46.2 22.2 12
    endloop
  endfacet
  facet normal 1 -0 0
    outer loop
      vertex 52.2 13.2 12.7442
      vertex 52.2 16.2 12.5581
      vertex 52.2 16.2 12.7442
    endloop
  endfacet
  facet normal 1 0 0
    outer loop
      vertex 52.2 16.2 12.5581
      vertex 52.2 13.2 12.7442
      vertex 52.2 13.2 12.5581
    endloop
  endfacet
  facet normal 1 0 0
    outer loop
      vertex 52.2 22.2 13.1163
      vertex 52.2 19.2 12.5581
      vertex 52.2 22.2 12.5581
    endloop
  endfacet
  facet normal 1 -0 0
    outer loop
      vertex 52.2 16.2 13.1163
      vertex 52.2 19.2 12.5581
      vertex 52.2 22.2 13.1163
    endloop
  endfacet
  facet normal 1 -0 0
    outer loop
      vertex 52.2 16.2 12.7442
      vertex 52.2 19.2 12.5581
      vertex 52.2 16.2 13.1163
    endloop
  endfacet
  facet normal 1 0 0
    outer loop
      vertex 52.2 16.2 12.5581
      vertex 52.2 19.2 12.5581
      vertex 52.2 16.2 12.7442
    endloop
  endfacet
  facet normal 1 0 0
    outer loop
      vertex 52.2 19.2 12.5581
      vertex 52.2 16.2 12.5581
      vertex 52.2 19.2 12
    endloop
  endfacet
  facet normal 1 0 0
    outer loop
      vertex 52.2 19.2 12
      vertex 52.2 16.2 12.5581
      vertex 52.2 16.2 12
    endloop
  endfacet
  facet normal -1 0 0
    outer loop
      vertex 52.2 10.2 12
      vertex 52.2 13.2 12.186
      vertex 52.2 13.2 12
    endloop
  endfacet
  facet normal -1 -0 0
    outer loop
      vertex 52.2 13.2 12.186
      vertex 52.2 10.2 12
      vertex 52.2 10.2 12.186
    endloop
  endfacet
  facet normal -0 0 1
    outer loop
      vertex 49.2 16.2 12.7442
      vertex 52.2 13.2 12.7442
      vertex 52.2 16.2 12.7442
    endloop
  endfacet
  facet normal 0 0 1
    outer loop
      vertex 52.2 13.2 12.7442
      vertex 49.2 16.2 12.7442
      vertex 49.2 13.2 12.7442
    endloop
  endfacet
  facet normal 0 0 -1
    outer loop
      vertex 61.2 10.2 12
      vertex 58.2 16.2 12
      vertex 61.2 19.2 12
    endloop
  endfacet
  facet normal 0 0 -1
    outer loop
      vertex 52.2 10.2 12
      vertex 58.2 16.2 12
      vertex 61.2 10.2 12
    endloop
  endfacet
  facet normal 0 0 -1
    outer loop
      vertex 52.2 13.2 12
      vertex 58.2 16.2 12
      vertex 52.2 10.2 12
    endloop
  endfacet
  facet normal 0 0 -1
    outer loop
      vertex 52.2 13.2 12
      vertex 52.2 16.2 12
      vertex 58.2 16.2 12
    endloop
  endfacet
  facet normal 0 0 -1
    outer loop
      vertex 49.2 13.2 12
      vertex 52.2 16.2 12
      vertex 52.2 13.2 12
    endloop
  endfacet
  facet normal -0 0 -1
    outer loop
      vertex 52.2 16.2 12
      vertex 49.2 13.2 12
      vertex 52.2 19.2 12
    endloop
  endfacet
  facet normal -0 0 -1
    outer loop
      vertex 61.2 19.2 12
      vertex 58.2 16.2 12
      vertex 58.2 19.2 12
    endloop
  endfacet
  facet normal 0 0 -1
    outer loop
      vertex 52.2 19.2 12
      vertex 55.2 22.2 12
      vertex 55.2 19.2 12
    endloop
  endfacet
  facet normal 0 0 -1
    outer loop
      vertex 52.2 19.2 12
      vertex 49.2 22.2 12
      vertex 55.2 22.2 12
    endloop
  endfacet
  facet normal 0 0 -1
    outer loop
      vertex 49.2 22.2 12
      vertex 52.2 19.2 12
      vertex 49.2 13.2 12
    endloop
  endfacet
  facet normal -1 0 0
    outer loop
      vertex 49.2 22.2 12
      vertex 49.2 16.2 12.7442
      vertex 49.2 22.2 13.1163
    endloop
  endfacet
  facet normal -1 0 0
    outer loop
      vertex 49.2 13.2 12
      vertex 49.2 16.2 12.7442
      vertex 49.2 22.2 12
    endloop
  endfacet
  facet normal -1 -0 0
    outer loop
      vertex 49.2 16.2 12.7442
      vertex 49.2 13.2 12
      vertex 49.2 13.2 12.7442
    endloop
  endfacet
  facet normal -1 -0 0
    outer loop
      vertex 49.2 22.2 13.1163
      vertex 49.2 16.2 12.7442
      vertex 49.2 16.2 13.1163
    endloop
  endfacet
  facet normal 0 -1 0
    outer loop
      vertex 49.2 16.2 12.7442
      vertex 52.2 16.2 13.1163
      vertex 49.2 16.2 13.1163
    endloop
  endfacet
  facet normal 0 -1 -0
    outer loop
      vertex 52.2 16.2 13.1163
      vertex 49.2 16.2 12.7442
      vertex 52.2 16.2 12.7442
    endloop
  endfacet
  facet normal 0 1 0
    outer loop
      vertex 61.2 13.2 13.4884
      vertex 58.2 13.2 12.5581
      vertex 58.2 13.2 13.4884
    endloop
  endfacet
  facet normal 0 1 -0
    outer loop
      vertex 61.2 13.2 12.3721
      vertex 58.2 13.2 12.5581
      vertex 61.2 13.2 13.4884
    endloop
  endfacet
  facet normal 0 1 0
    outer loop
      vertex 58.2 13.2 12.3721
      vertex 58.2 13.2 12.5581
      vertex 61.2 13.2 12.3721
    endloop
  endfacet
  facet normal 0 1 0
    outer loop
      vertex 58.2 13.2 12.5581
      vertex 58.2 13.2 12.3721
      vertex 55.2 13.2 12.5581
    endloop
  endfacet
  facet normal 0 1 0
    outer loop
      vertex 55.2 13.2 12.186
      vertex 58.2 13.2 12.3721
      vertex 58.2 13.2 12.186
    endloop
  endfacet
  facet normal 0 1 0
    outer loop
      vertex 58.2 13.2 12.3721
      vertex 55.2 13.2 12.186
      vertex 55.2 13.2 12.5581
    endloop
  endfacet
  facet normal 0 -1 0
    outer loop
      vertex 49.2 13.2 12.7442
      vertex 52.2 13.2 12.5581
      vertex 52.2 13.2 12.7442
    endloop
  endfacet
  facet normal 0 -1 0
    outer loop
      vertex 52.2 13.2 12.5581
      vertex 52.2 13.2 12.186
      vertex 55.2 13.2 12.5581
    endloop
  endfacet
  facet normal 0 -1 0
    outer loop
      vertex 49.2 13.2 12.7442
      vertex 52.2 13.2 12.186
      vertex 52.2 13.2 12.5581
    endloop
  endfacet
  facet normal 0 -1 0
    outer loop
      vertex 49.2 13.2 12
      vertex 52.2 13.2 12.186
      vertex 49.2 13.2 12.7442
    endloop
  endfacet
  facet normal 0 -1 -0
    outer loop
      vertex 52.2 13.2 12.186
      vertex 49.2 13.2 12
      vertex 52.2 13.2 12
    endloop
  endfacet
  facet normal 0 -1 -0
    outer loop
      vertex 55.2 13.2 12.5581
      vertex 52.2 13.2 12.186
      vertex 55.2 13.2 12.186
    endloop
  endfacet
  facet normal -0 0 1
    outer loop
      vertex 49.2 22.2 13.1163
      vertex 52.2 16.2 13.1163
      vertex 52.2 22.2 13.1163
    endloop
  endfacet
  facet normal 0 0 1
    outer loop
      vertex 52.2 16.2 13.1163
      vertex 49.2 22.2 13.1163
      vertex 49.2 16.2 13.1163
    endloop
  endfacet
  facet normal 0 1 0
    outer loop
      vertex 55.2 22.2 12.5581
      vertex 55.2 22.2 12
      vertex 52.2 22.2 12.5581
    endloop
  endfacet
  facet normal 0 1 -0
    outer loop
      vertex 52.2 22.2 12.5581
      vertex 49.2 22.2 13.1163
      vertex 52.2 22.2 13.1163
    endloop
  endfacet
  facet normal 0 1 0
    outer loop
      vertex 52.2 22.2 12.5581
      vertex 49.2 22.2 12
      vertex 49.2 22.2 13.1163
    endloop
  endfacet
  facet normal 0 1 0
    outer loop
      vertex 49.2 22.2 12
      vertex 52.2 22.2 12.5581
      vertex 55.2 22.2 12
    endloop
  endfacet
  facet normal -1 0 0
    outer loop
      vertex 55.2 10.2 12.186
      vertex 55.2 13.2 12.5581
      vertex 55.2 13.2 12.186
    endloop
  endfacet
  facet normal -1 -0 0
    outer loop
      vertex 55.2 13.2 12.5581
      vertex 55.2 10.2 12.186
      vertex 55.2 10.2 12.5581
    endloop
  endfacet
  facet normal -0 0 1
    outer loop
      vertex 52.2 13.2 12.186
      vertex 55.2 10.2 12.186
      vertex 55.2 13.2 12.186
    endloop
  endfacet
  facet normal 0 0 1
    outer loop
      vertex 55.2 10.2 12.186
      vertex 52.2 13.2 12.186
      vertex 52.2 10.2 12.186
    endloop
  endfacet
  facet normal 0 -1 0
    outer loop
      vertex 52.2 10.2 12.186
      vertex 52.2 10.2 12
      vertex 55.2 10.2 12.186
    endloop
  endfacet
  facet normal 0 -1 0
    outer loop
      vertex 55.2 10.2 12.5581
      vertex 55.2 10.2 12.186
      vertex 58.2 10.2 12.5581
    endloop
  endfacet
  facet normal 0 -1 0
    outer loop
      vertex 58.2 10.2 12.5581
      vertex 61.2 10.2 13.4884
      vertex 58.2 10.2 13.4884
    endloop
  endfacet
  facet normal 0 -1 0
    outer loop
      vertex 58.2 10.2 12.5581
      vertex 61.2 10.2 12
      vertex 61.2 10.2 13.4884
    endloop
  endfacet
  facet normal 0 -1 0
    outer loop
      vertex 55.2 10.2 12.186
      vertex 61.2 10.2 12
      vertex 58.2 10.2 12.5581
    endloop
  endfacet
  facet normal 0 -1 0
    outer loop
      vertex 61.2 10.2 12
      vertex 55.2 10.2 12.186
      vertex 52.2 10.2 12
    endloop
  endfacet
  facet normal 1 -0 0
    outer loop
      vertex 55.2 13.2 12.5581
      vertex 55.2 16.2 12.186
      vertex 55.2 16.2 12.5581
    endloop
  endfacet
  facet normal 1 0 0
    outer loop
      vertex 55.2 16.2 12.186
      vertex 55.2 13.2 12.5581
      vertex 55.2 13.2 12.186
    endloop
  endfacet
  facet normal -0 0 1
    outer loop
      vertex 52.2 16.2 12.5581
      vertex 55.2 13.2 12.5581
      vertex 55.2 16.2 12.5581
    endloop
  endfacet
  facet normal 0 0 1
    outer loop
      vertex 55.2 13.2 12.5581
      vertex 52.2 16.2 12.5581
      vertex 52.2 13.2 12.5581
    endloop
  endfacet
  facet normal 0 1 0
    outer loop
      vertex 58.2 16.2 12.186
      vertex 58.2 16.2 12
      vertex 55.2 16.2 12.186
    endloop
  endfacet
  facet normal 0 1 -0
    outer loop
      vertex 55.2 16.2 12.186
      vertex 52.2 16.2 12.5581
      vertex 55.2 16.2 12.5581
    endloop
  endfacet
  facet normal 0 1 0
    outer loop
      vertex 55.2 16.2 12.186
      vertex 52.2 16.2 12
      vertex 52.2 16.2 12.5581
    endloop
  endfacet
  facet normal 0 1 0
    outer loop
      vertex 52.2 16.2 12
      vertex 55.2 16.2 12.186
      vertex 58.2 16.2 12
    endloop
  endfacet
  facet normal 1 -0 0
    outer loop
      vertex 55.2 19.2 12.5581
      vertex 55.2 22.2 12
      vertex 55.2 22.2 12.5581
    endloop
  endfacet
  facet normal 1 0 0
    outer loop
      vertex 55.2 22.2 12
      vertex 55.2 19.2 12.5581
      vertex 55.2 19.2 12
    endloop
  endfacet
  facet normal -0 0 1
    outer loop
      vertex 52.2 22.2 12.5581
      vertex 55.2 19.2 12.5581
      vertex 55.2 22.2 12.5581
    endloop
  endfacet
  facet normal 0 0 1
    outer loop
      vertex 55.2 19.2 12.5581
      vertex 52.2 22.2 12.5581
      vertex 52.2 19.2 12.5581
    endloop
  endfacet
  facet normal 0 -1 0
    outer loop
      vertex 52.2 19.2 12
      vertex 55.2 19.2 12.5581
      vertex 52.2 19.2 12.5581
    endloop
  endfacet
  facet normal 0 -1 -0
    outer loop
      vertex 55.2 19.2 12.5581
      vertex 52.2 19.2 12
      vertex 55.2 19.2 12
    endloop
  endfacet
  facet normal -1 0 0
    outer loop
      vertex 58.2 10.2 12.5581
      vertex 58.2 13.2 13.4884
      vertex 58.2 13.2 12.5581
    endloop
  endfacet
  facet normal -1 -0 0
    outer loop
      vertex 58.2 13.2 13.4884
      vertex 58.2 10.2 12.5581
      vertex 58.2 10.2 13.4884
    endloop
  endfacet
  facet normal -1 0 0
    outer loop
      vertex 58.2 13.2 12.186
      vertex 58.2 16.2 12.3721
      vertex 58.2 16.2 12.186
    endloop
  endfacet
  facet normal -1 -0 0
    outer loop
      vertex 58.2 16.2 12.3721
      vertex 58.2 13.2 12.186
      vertex 58.2 13.2 12.3721
    endloop
  endfacet
  facet normal -1 0 0
    outer loop
      vertex 58.2 16.2 12.186
      vertex 58.2 19.2 12
      vertex 58.2 16.2 12
    endloop
  endfacet
  facet normal -1 0 0
    outer loop
      vertex 58.2 16.2 12.3721
      vertex 58.2 19.2 12
      vertex 58.2 16.2 12.186
    endloop
  endfacet
  facet normal -1 0 0
    outer loop
      vertex 58.2 19.2 12
      vertex 58.2 16.2 12.3721
      vertex 58.2 19.2 13.3023
    endloop
  endfacet
  facet normal -1 -0 0
    outer loop
      vertex 58.2 19.2 13.3023
      vertex 58.2 16.2 12.3721
      vertex 58.2 16.2 13.3023
    endloop
  endfacet
  facet normal -0 0 1
    outer loop
      vertex 55.2 13.2 12.5581
      vertex 58.2 10.2 12.5581
      vertex 58.2 13.2 12.5581
    endloop
  endfacet
  facet normal 0 0 1
    outer loop
      vertex 58.2 10.2 12.5581
      vertex 55.2 13.2 12.5581
      vertex 55.2 10.2 12.5581
    endloop
  endfacet
  facet normal -0 0 1
    outer loop
      vertex 55.2 16.2 12.186
      vertex 58.2 13.2 12.186
      vertex 58.2 16.2 12.186
    endloop
  endfacet
  facet normal 0 0 1
    outer loop
      vertex 58.2 13.2 12.186
      vertex 55.2 16.2 12.186
      vertex 55.2 13.2 12.186
    endloop
  endfacet
  facet normal 1 0 0
    outer loop
      vertex 61.2 13.2 13.4884
      vertex 61.2 10.2 13.4884
      vertex 61.2 13.2 12.3721
    endloop
  endfacet
  facet normal 1 0 0
    outer loop
      vertex 61.2 16.2 12.3721
      vertex 61.2 19.2 13.3023
      vertex 61.2 16.2 13.3023
    endloop
  endfacet
  facet normal 1 0 0
    outer loop
      vertex 61.2 19.2 13.3023
      vertex 61.2 16.2 12.3721
      vertex 61.2 19.2 12
    endloop
  endfacet
  facet normal 1 -0 0
    outer loop
      vertex 61.2 13.2 12.3721
      vertex 61.2 19.2 12
      vertex 61.2 16.2 12.3721
    endloop
  endfacet
  facet normal 1 0 0
    outer loop
      vertex 61.2 13.2 12.3721
      vertex 61.2 10.2 12
      vertex 61.2 19.2 12
    endloop
  endfacet
  facet normal 1 0 0
    outer loop
      vertex 61.2 10.2 12
      vertex 61.2 13.2 12.3721
      vertex 61.2 10.2 13.4884
    endloop
  endfacet
  facet normal -0 0 1
    outer loop
      vertex 58.2 13.2 13.4884
      vertex 61.2 10.2 13.4884
      vertex 61.2 13.2 13.4884
    endloop
  endfacet
  facet normal 0 0 1
    outer loop
      vertex 61.2 10.2 13.4884
      vertex 58.2 13.2 13.4884
      vertex 58.2 10.2 13.4884
    endloop
  endfacet
  facet normal -0 0 1
    outer loop
      vertex 58.2 16.2 12.3721
      vertex 61.2 13.2 12.3721
      vertex 61.2 16.2 12.3721
    endloop
  endfacet
  facet normal 0 0 1
    outer loop
      vertex 61.2 13.2 12.3721
      vertex 58.2 16.2 12.3721
      vertex 58.2 13.2 12.3721
    endloop
  endfacet
  facet normal 0 -1 0
    outer loop
      vertex 58.2 16.2 12.3721
      vertex 61.2 16.2 13.3023
      vertex 58.2 16.2 13.3023
    endloop
  endfacet
  facet normal 0 -1 -0
    outer loop
      vertex 61.2 16.2 13.3023
      vertex 58.2 16.2 12.3721
      vertex 61.2 16.2 12.3721
    endloop
  endfacet
  facet normal -0 0 1
    outer loop
      vertex 58.2 19.2 13.3023
      vertex 61.2 16.2 13.3023
      vertex 61.2 19.2 13.3023
    endloop
  endfacet
  facet normal 0 0 1
    outer loop
      vertex 61.2 16.2 13.3023
      vertex 58.2 19.2 13.3023
      vertex 58.2 16.2 13.3023
    endloop
  endfacet
  facet normal 0 1 -0
    outer loop
      vertex 61.2 19.2 12
      vertex 58.2 19.2 13.3023
      vertex 61.2 19.2 13.3023
    endloop
  endfacet
  facet normal 0 1 0
    outer loop
      vertex 58.2 19.2 13.3023
      vertex 61.2 19.2 12
      vertex 58.2 19.2 12
    endloop
  endfacet
  facet normal 1 -0 0
    outer loop
      vertex 61.2 22.2 12.186
      vertex 61.2 25.2 12
      vertex 61.2 25.2 12.186
    endloop
  endfacet
  facet normal 1 0 0
    outer loop
      vertex 61.2 25.2 12
      vertex 61.2 22.2 12.186
      vertex 61.2 22.2 12
    endloop
  endfacet
  facet normal -0 0 1
    outer loop
      vertex 58.2 25.2 12.186
      vertex 61.2 22.2 12.186
      vertex 61.2 25.2 12.186
    endloop
  endfacet
  facet normal 0 0 1
    outer loop
      vertex 61.2 22.2 12.186
      vertex 58.2 25.2 12.186
      vertex 58.2 22.2 12.186
    endloop
  endfacet
  facet normal 0 0 -1
    outer loop
      vertex 58.2 22.2 12
      vertex 61.2 25.2 12
      vertex 61.2 22.2 12
    endloop
  endfacet
  facet normal -0 0 -1
    outer loop
      vertex 61.2 25.2 12
      vertex 58.2 22.2 12
      vertex 58.2 25.2 12
    endloop
  endfacet
  facet normal -1 0 0
    outer loop
      vertex 58.2 22.2 12
      vertex 58.2 25.2 12.186
      vertex 58.2 25.2 12
    endloop
  endfacet
  facet normal -1 -0 0
    outer loop
      vertex 58.2 25.2 12.186
      vertex 58.2 22.2 12
      vertex 58.2 22.2 12.186
    endloop
  endfacet
  facet normal 0 1 -0
    outer loop
      vertex 61.2 25.2 12
      vertex 58.2 25.2 12.186
      vertex 61.2 25.2 12.186
    endloop
  endfacet
  facet normal 0 1 0
    outer loop
      vertex 58.2 25.2 12.186
      vertex 61.2 25.2 12
      vertex 58.2 25.2 12
    endloop
  endfacet
  facet normal 0 -1 0
    outer loop
      vertex 58.2 22.2 12
      vertex 61.2 22.2 12.186
      vertex 58.2 22.2 12.186
    endloop
  endfacet
  facet normal 0 -1 -0
    outer loop
      vertex 61.2 22.2 12.186
      vertex 58.2 22.2 12
      vertex 61.2 22.2 12
    endloop
  endfacet
  facet normal -1 0 0
    outer loop
      vertex 67.2 13.2 12.3721
      vertex 67.2 16.2 12.5581
      vertex 67.2 16.2 12.3721
    endloop
  endfacet
  facet normal -1 -0 0
    outer loop
      vertex 67.2 16.2 12.5581
      vertex 67.2 13.2 12.3721
      vertex 67.2 13.2 12.5581
    endloop
  endfacet
  facet normal -0 0 1
    outer loop
      vertex 64.2 16.2 12.3721
      vertex 67.2 13.2 12.3721
      vertex 67.2 16.2 12.3721
    endloop
  endfacet
  facet normal 0 0 1
    outer loop
      vertex 67.2 13.2 12.3721
      vertex 64.2 16.2 12.3721
      vertex 64.2 13.2 12.3721
    endloop
  endfacet
  facet normal 0 0 -1
    outer loop
      vertex 64.2 13.2 12
      vertex 70.2 16.2 12
      vertex 70.2 13.2 12
    endloop
  endfacet
  facet normal -0 0 -1
    outer loop
      vertex 70.2 16.2 12
      vertex 64.2 13.2 12
      vertex 64.2 16.2 12
    endloop
  endfacet
  facet normal -1 0 0
    outer loop
      vertex 64.2 13.2 12
      vertex 64.2 16.2 12.3721
      vertex 64.2 16.2 12
    endloop
  endfacet
  facet normal -1 -0 0
    outer loop
      vertex 64.2 16.2 12.3721
      vertex 64.2 13.2 12
      vertex 64.2 13.2 12.3721
    endloop
  endfacet
  facet normal 0 1 0
    outer loop
      vertex 70.2 16.2 12.5581
      vertex 67.2 16.2 12.3721
      vertex 67.2 16.2 12.5581
    endloop
  endfacet
  facet normal 0 1 -0
    outer loop
      vertex 70.2 16.2 12
      vertex 67.2 16.2 12.3721
      vertex 70.2 16.2 12.5581
    endloop
  endfacet
  facet normal 0 1 0
    outer loop
      vertex 64.2 16.2 12
      vertex 67.2 16.2 12.3721
      vertex 70.2 16.2 12
    endloop
  endfacet
  facet normal 0 1 0
    outer loop
      vertex 67.2 16.2 12.3721
      vertex 64.2 16.2 12
      vertex 64.2 16.2 12.3721
    endloop
  endfacet
  facet normal 0 -1 0
    outer loop
      vertex 64.2 13.2 12.3721
      vertex 64.2 13.2 12
      vertex 67.2 13.2 12.3721
    endloop
  endfacet
  facet normal 0 -1 0
    outer loop
      vertex 67.2 13.2 12.3721
      vertex 70.2 13.2 12.5581
      vertex 67.2 13.2 12.5581
    endloop
  endfacet
  facet normal 0 -1 0
    outer loop
      vertex 70.2 13.2 12
      vertex 67.2 13.2 12.3721
      vertex 64.2 13.2 12
    endloop
  endfacet
  facet normal 0 -1 0
    outer loop
      vertex 67.2 13.2 12.3721
      vertex 70.2 13.2 12
      vertex 70.2 13.2 12.5581
    endloop
  endfacet
  facet normal 1 -0 0
    outer loop
      vertex 67.2 19.2 12.3721
      vertex 67.2 22.2 12.186
      vertex 67.2 22.2 12.3721
    endloop
  endfacet
  facet normal 1 0 0
    outer loop
      vertex 67.2 19.2 12
      vertex 67.2 22.2 12.186
      vertex 67.2 19.2 12.3721
    endloop
  endfacet
  facet normal 1 0 0
    outer loop
      vertex 67.2 22.2 12.186
      vertex 67.2 19.2 12
      vertex 67.2 22.2 12
    endloop
  endfacet
  facet normal -0 0 1
    outer loop
      vertex 64.2 22.2 12.3721
      vertex 67.2 19.2 12.3721
      vertex 67.2 22.2 12.3721
    endloop
  endfacet
  facet normal 0 0 1
    outer loop
      vertex 67.2 19.2 12.3721
      vertex 64.2 22.2 12.3721
      vertex 64.2 19.2 12.3721
    endloop
  endfacet
  facet normal 0 0 -1
    outer loop
      vertex 64.2 19.2 12
      vertex 67.2 22.2 12
      vertex 67.2 19.2 12
    endloop
  endfacet
  facet normal -0 0 -1
    outer loop
      vertex 67.2 22.2 12
      vertex 64.2 19.2 12
      vertex 64.2 22.2 12
    endloop
  endfacet
  facet normal -1 0 0
    outer loop
      vertex 64.2 19.2 12
      vertex 64.2 22.2 12.3721
      vertex 64.2 22.2 12
    endloop
  endfacet
  facet normal -1 -0 0
    outer loop
      vertex 64.2 22.2 12.3721
      vertex 64.2 19.2 12
      vertex 64.2 19.2 12.3721
    endloop
  endfacet
  facet normal 0 1 -0
    outer loop
      vertex 67.2 22.2 12.186
      vertex 64.2 22.2 12.3721
      vertex 67.2 22.2 12.3721
    endloop
  endfacet
  facet normal 0 1 0
    outer loop
      vertex 64.2 22.2 12
      vertex 67.2 22.2 12.186
      vertex 67.2 22.2 12
    endloop
  endfacet
  facet normal 0 1 0
    outer loop
      vertex 67.2 22.2 12.186
      vertex 64.2 22.2 12
      vertex 64.2 22.2 12.3721
    endloop
  endfacet
  facet normal 0 -1 0
    outer loop
      vertex 64.2 19.2 12
      vertex 67.2 19.2 12.3721
      vertex 64.2 19.2 12.3721
    endloop
  endfacet
  facet normal 0 -1 -0
    outer loop
      vertex 67.2 19.2 12.3721
      vertex 64.2 19.2 12
      vertex 67.2 19.2 12
    endloop
  endfacet
  facet normal 1 -0 0
    outer loop
      vertex 70.2 13.2 12.5581
      vertex 70.2 16.2 12
      vertex 70.2 16.2 12.5581
    endloop
  endfacet
  facet normal 1 0 0
    outer loop
      vertex 70.2 16.2 12
      vertex 70.2 13.2 12.5581
      vertex 70.2 13.2 12
    endloop
  endfacet
  facet normal -0 0 1
    outer loop
      vertex 67.2 16.2 12.5581
      vertex 70.2 13.2 12.5581
      vertex 70.2 16.2 12.5581
    endloop
  endfacet
  facet normal 0 0 1
    outer loop
      vertex 70.2 13.2 12.5581
      vertex 67.2 16.2 12.5581
      vertex 67.2 13.2 12.5581
    endloop
  endfacet
  facet normal -1 0 0
    outer loop
      vertex 70.2 19.2 12
      vertex 70.2 22.2 12.186
      vertex 70.2 22.2 12
    endloop
  endfacet
  facet normal -1 0 0
    outer loop
      vertex 70.2 19.2 12.3721
      vertex 70.2 22.2 12.186
      vertex 70.2 19.2 12
    endloop
  endfacet
  facet normal -1 0 0
    outer loop
      vertex 70.2 22.2 12.186
      vertex 70.2 19.2 12.3721
      vertex 70.2 22.2 12.3721
    endloop
  endfacet
  facet normal 0 0 1
    outer loop
      vertex 73.2 25.2 12.186
      vertex 70.2 22.2 12.186
      vertex 73.2 22.2 12.186
    endloop
  endfacet
  facet normal -0 0 1
    outer loop
      vertex 67.2 25.2 12.186
      vertex 70.2 22.2 12.186
      vertex 73.2 25.2 12.186
    endloop
  endfacet
  facet normal 0 0 1
    outer loop
      vertex 70.2 22.2 12.186
      vertex 67.2 25.2 12.186
      vertex 67.2 22.2 12.186
    endloop
  endfacet
  facet normal 0 0 -1
    outer loop
      vertex 70.2 22.2 12
      vertex 73.2 19.2 12
      vertex 70.2 19.2 12
    endloop
  endfacet
  facet normal 0 0 -1
    outer loop
      vertex 73.2 19.2 12
      vertex 70.2 22.2 12
      vertex 73.2 25.2 12
    endloop
  endfacet
  facet normal 0 0 -1
    outer loop
      vertex 67.2 25.2 12
      vertex 70.2 22.2 12
      vertex 67.2 22.2 12
    endloop
  endfacet
  facet normal 0 0 -1
    outer loop
      vertex 70.2 22.2 12
      vertex 67.2 25.2 12
      vertex 73.2 25.2 12
    endloop
  endfacet
  facet normal -1 0 0
    outer loop
      vertex 67.2 22.2 12
      vertex 67.2 25.2 12.186
      vertex 67.2 25.2 12
    endloop
  endfacet
  facet normal -1 -0 0
    outer loop
      vertex 67.2 25.2 12.186
      vertex 67.2 22.2 12
      vertex 67.2 22.2 12.186
    endloop
  endfacet
  facet normal 0 1 -0
    outer loop
      vertex 73.2 25.2 12
      vertex 67.2 25.2 12.186
      vertex 73.2 25.2 12.186
    endloop
  endfacet
  facet normal 0 1 0
    outer loop
      vertex 67.2 25.2 12.186
      vertex 73.2 25.2 12
      vertex 67.2 25.2 12
    endloop
  endfacet
  facet normal 0 -1 0
    outer loop
      vertex 67.2 22.2 12
      vertex 70.2 22.2 12.186
      vertex 67.2 22.2 12.186
    endloop
  endfacet
  facet normal 0 -1 -0
    outer loop
      vertex 70.2 22.2 12.186
      vertex 67.2 22.2 12
      vertex 70.2 22.2 12
    endloop
  endfacet
  facet normal 1 0 0
    outer loop
      vertex 73.2 22.2 12.3721
      vertex 73.2 19.2 12.3721
      vertex 73.2 22.2 12.186
    endloop
  endfacet
  facet normal 1 -0 0
    outer loop
      vertex 73.2 22.2 12.186
      vertex 73.2 25.2 12
      vertex 73.2 25.2 12.186
    endloop
  endfacet
  facet normal 1 0 0
    outer loop
      vertex 73.2 22.2 12.186
      vertex 73.2 19.2 12
      vertex 73.2 25.2 12
    endloop
  endfacet
  facet normal 1 0 0
    outer loop
      vertex 73.2 19.2 12
      vertex 73.2 22.2 12.186
      vertex 73.2 19.2 12.3721
    endloop
  endfacet
  facet normal -0 0 1
    outer loop
      vertex 70.2 22.2 12.3721
      vertex 73.2 19.2 12.3721
      vertex 73.2 22.2 12.3721
    endloop
  endfacet
  facet normal 0 0 1
    outer loop
      vertex 73.2 19.2 12.3721
      vertex 70.2 22.2 12.3721
      vertex 70.2 19.2 12.3721
    endloop
  endfacet
  facet normal 0 1 -0
    outer loop
      vertex 73.2 22.2 12.186
      vertex 70.2 22.2 12.3721
      vertex 73.2 22.2 12.3721
    endloop
  endfacet
  facet normal 0 1 0
    outer loop
      vertex 70.2 22.2 12.3721
      vertex 73.2 22.2 12.186
      vertex 70.2 22.2 12.186
    endloop
  endfacet
  facet normal 0 -1 0
    outer loop
      vertex 70.2 19.2 12
      vertex 73.2 19.2 12.3721
      vertex 70.2 19.2 12.3721
    endloop
  endfacet
  facet normal 0 -1 -0
    outer loop
      vertex 73.2 19.2 12.3721
      vertex 70.2 19.2 12
      vertex 73.2 19.2 12
    endloop
  endfacet
  facet normal 1 0 0
    outer loop
      vertex 76.2 16.2 15.5349
      vertex 76.2 13.2 15.5349
      vertex 76.2 16.2 13.4884
    endloop
  endfacet
  facet normal 1 -0 0
    outer loop
      vertex 76.2 16.2 13.4884
      vertex 76.2 19.2 12.3721
      vertex 76.2 19.2 13.4884
    endloop
  endfacet
  facet normal 1 0 0
    outer loop
      vertex 76.2 19.2 12.3721
      vertex 76.2 16.2 13.4884
      vertex 76.2 19.2 12
    endloop
  endfacet
  facet normal 1 0 0
    outer loop
      vertex 76.2 16.2 13.4884
      vertex 76.2 13.2 12
      vertex 76.2 19.2 12
    endloop
  endfacet
  facet normal 1 0 0
    outer loop
      vertex 76.2 13.2 12
      vertex 76.2 16.2 13.4884
      vertex 76.2 13.2 15.5349
    endloop
  endfacet
  facet normal -0 0 1
    outer loop
      vertex 73.2 16.2 15.5349
      vertex 76.2 13.2 15.5349
      vertex 76.2 16.2 15.5349
    endloop
  endfacet
  facet normal 0 0 1
    outer loop
      vertex 76.2 13.2 15.5349
      vertex 73.2 16.2 15.5349
      vertex 73.2 13.2 15.5349
    endloop
  endfacet
  facet normal 0 0 -1
    outer loop
      vertex 73.2 13.2 12
      vertex 76.2 19.2 12
      vertex 76.2 13.2 12
    endloop
  endfacet
  facet normal -0 0 -1
    outer loop
      vertex 76.2 19.2 12
      vertex 73.2 13.2 12
      vertex 73.2 19.2 12
    endloop
  endfacet
  facet normal -1 0 0
    outer loop
      vertex 73.2 16.2 13.4884
      vertex 73.2 19.2 12.3721
      vertex 73.2 19.2 12
    endloop
  endfacet
  facet normal -1 0 0
    outer loop
      vertex 73.2 19.2 12.3721
      vertex 73.2 16.2 13.4884
      vertex 73.2 19.2 13.4884
    endloop
  endfacet
  facet normal -1 0 0
    outer loop
      vertex 73.2 13.2 12
      vertex 73.2 16.2 13.4884
      vertex 73.2 19.2 12
    endloop
  endfacet
  facet normal -1 0 0
    outer loop
      vertex 73.2 13.2 15.5349
      vertex 73.2 16.2 13.4884
      vertex 73.2 13.2 12
    endloop
  endfacet
  facet normal -1 0 0
    outer loop
      vertex 73.2 16.2 13.4884
      vertex 73.2 13.2 15.5349
      vertex 73.2 16.2 15.5349
    endloop
  endfacet
  facet normal 0 1 -0
    outer loop
      vertex 76.2 16.2 13.4884
      vertex 73.2 16.2 15.5349
      vertex 76.2 16.2 15.5349
    endloop
  endfacet
  facet normal 0 1 0
    outer loop
      vertex 73.2 16.2 15.5349
      vertex 76.2 16.2 13.4884
      vertex 73.2 16.2 13.4884
    endloop
  endfacet
  facet normal 0 -1 0
    outer loop
      vertex 73.2 13.2 12
      vertex 76.2 13.2 15.5349
      vertex 73.2 13.2 15.5349
    endloop
  endfacet
  facet normal 0 -1 -0
    outer loop
      vertex 76.2 13.2 15.5349
      vertex 73.2 13.2 12
      vertex 76.2 13.2 12
    endloop
  endfacet
  facet normal -0 0 1
    outer loop
      vertex 73.2 19.2 13.4884
      vertex 76.2 16.2 13.4884
      vertex 76.2 19.2 13.4884
    endloop
  endfacet
  facet normal 0 0 1
    outer loop
      vertex 76.2 16.2 13.4884
      vertex 73.2 19.2 13.4884
      vertex 73.2 16.2 13.4884
    endloop
  endfacet
  facet normal 0 1 -0
    outer loop
      vertex 76.2 19.2 12.3721
      vertex 73.2 19.2 13.4884
      vertex 76.2 19.2 13.4884
    endloop
  endfacet
  facet normal 0 1 0
    outer loop
      vertex 76.2 19.2 12.3721
      vertex 73.2 19.2 12.3721
      vertex 73.2 19.2 13.4884
    endloop
  endfacet
  facet normal 0 1 -0
    outer loop
      vertex 76.2 19.2 12
      vertex 73.2 19.2 12.3721
      vertex 76.2 19.2 12.3721
    endloop
  endfacet
  facet normal 0 1 0
    outer loop
      vertex 73.2 19.2 12.3721
      vertex 76.2 19.2 12
      vertex 73.2 19.2 12
    endloop
  endfacet
  facet normal 1 -0 0
    outer loop
      vertex 79.2 19.2 12.3721
      vertex 79.2 25.2 12
      vertex 79.2 25.2 12.3721
    endloop
  endfacet
  facet normal 1 0 0
    outer loop
      vertex 79.2 25.2 12
      vertex 79.2 19.2 12.3721
      vertex 79.2 19.2 12
    endloop
  endfacet
  facet normal -0 0 1
    outer loop
      vertex 76.2 25.2 12.3721
      vertex 79.2 19.2 12.3721
      vertex 79.2 25.2 12.3721
    endloop
  endfacet
  facet normal 0 0 1
    outer loop
      vertex 79.2 19.2 12.3721
      vertex 76.2 25.2 12.3721
      vertex 76.2 19.2 12.3721
    endloop
  endfacet
  facet normal 0 0 -1
    outer loop
      vertex 76.2 19.2 12
      vertex 79.2 25.2 12
      vertex 79.2 19.2 12
    endloop
  endfacet
  facet normal -0 0 -1
    outer loop
      vertex 79.2 25.2 12
      vertex 76.2 19.2 12
      vertex 76.2 25.2 12
    endloop
  endfacet
  facet normal -1 0 0
    outer loop
      vertex 76.2 19.2 12
      vertex 76.2 25.2 12.3721
      vertex 76.2 25.2 12
    endloop
  endfacet
  facet normal -1 -0 0
    outer loop
      vertex 76.2 25.2 12.3721
      vertex 76.2 19.2 12
      vertex 76.2 19.2 12.3721
    endloop
  endfacet
  facet normal 0 -1 0
    outer loop
      vertex 76.2 19.2 12
      vertex 79.2 19.2 12.3721
      vertex 76.2 19.2 12.3721
    endloop
  endfacet
  facet normal 0 -1 -0
    outer loop
      vertex 79.2 19.2 12.3721
      vertex 76.2 19.2 12
      vertex 79.2 19.2 12
    endloop
  endfacet
  facet normal 0 1 -0
    outer loop
      vertex 79.2 25.2 12
      vertex 76.2 25.2 12.3721
      vertex 79.2 25.2 12.3721
    endloop
  endfacet
  facet normal 0 1 0
    outer loop
      vertex 76.2 25.2 12.3721
      vertex 79.2 25.2 12
      vertex 76.2 25.2 12
    endloop
  endfacet
  facet normal 1 -0 0
    outer loop
      vertex 82.2 16.2 12.3721
      vertex 82.2 19.2 12
      vertex 82.2 19.2 12.3721
    endloop
  endfacet
  facet normal 1 0 0
    outer loop
      vertex 82.2 19.2 12
      vertex 82.2 16.2 12.3721
      vertex 82.2 16.2 12
    endloop
  endfacet
  facet normal -0 0 1
    outer loop
      vertex 79.2 19.2 12.3721
      vertex 82.2 16.2 12.3721
      vertex 82.2 19.2 12.3721
    endloop
  endfacet
  facet normal 0 0 1
    outer loop
      vertex 82.2 16.2 12.3721
      vertex 79.2 19.2 12.3721
      vertex 79.2 16.2 12.3721
    endloop
  endfacet
  facet normal 0 0 -1
    outer loop
      vertex 79.2 16.2 12
      vertex 82.2 19.2 12
      vertex 82.2 16.2 12
    endloop
  endfacet
  facet normal -0 0 -1
    outer loop
      vertex 82.2 19.2 12
      vertex 79.2 16.2 12
      vertex 79.2 19.2 12
    endloop
  endfacet
  facet normal -1 0 0
    outer loop
      vertex 79.2 16.2 12
      vertex 79.2 19.2 12.3721
      vertex 79.2 19.2 12
    endloop
  endfacet
  facet normal -1 -0 0
    outer loop
      vertex 79.2 19.2 12.3721
      vertex 79.2 16.2 12
      vertex 79.2 16.2 12.3721
    endloop
  endfacet
  facet normal 0 1 -0
    outer loop
      vertex 82.2 19.2 12
      vertex 79.2 19.2 12.3721
      vertex 82.2 19.2 12.3721
    endloop
  endfacet
  facet normal 0 1 0
    outer loop
      vertex 79.2 19.2 12.3721
      vertex 82.2 19.2 12
      vertex 79.2 19.2 12
    endloop
  endfacet
  facet normal 0 -1 0
    outer loop
      vertex 79.2 16.2 12
      vertex 82.2 16.2 12.3721
      vertex 79.2 16.2 12.3721
    endloop
  endfacet
  facet normal 0 -1 -0
    outer loop
      vertex 82.2 16.2 12.3721
      vertex 79.2 16.2 12
      vertex 82.2 16.2 12
    endloop
  endfacet
  facet normal 1 -0 0
    outer loop
      vertex 88.2 16.2 12.7442
      vertex 88.2 19.2 12.3721
      vertex 88.2 19.2 12.7442
    endloop
  endfacet
  facet normal 1 0 0
    outer loop
      vertex 88.2 19.2 12.3721
      vertex 88.2 16.2 12.7442
      vertex 88.2 16.2 12.3721
    endloop
  endfacet
  facet normal -0 0 1
    outer loop
      vertex 85.2 19.2 12.7442
      vertex 88.2 16.2 12.7442
      vertex 88.2 19.2 12.7442
    endloop
  endfacet
  facet normal 0 0 1
    outer loop
      vertex 88.2 16.2 12.7442
      vertex 85.2 19.2 12.7442
      vertex 85.2 16.2 12.7442
    endloop
  endfacet
  facet normal 0 0 -1
    outer loop
      vertex 94.2 16.2 12
      vertex 91.2 19.2 12
      vertex 94.2 22.2 12
    endloop
  endfacet
  facet normal 0 0 -1
    outer loop
      vertex 85.2 16.2 12
      vertex 91.2 19.2 12
      vertex 94.2 16.2 12
    endloop
  endfacet
  facet normal -0 0 -1
    outer loop
      vertex 91.2 19.2 12
      vertex 85.2 16.2 12
      vertex 85.2 19.2 12
    endloop
  endfacet
  facet normal 0 0 -1
    outer loop
      vertex 100.2 13.2 12
      vertex 97.2 22.2 12
      vertex 100.2 22.2 12
    endloop
  endfacet
  facet normal 0 0 -1
    outer loop
      vertex 94.2 16.2 12
      vertex 100.2 13.2 12
      vertex 94.2 13.2 12
    endloop
  endfacet
  facet normal 0 0 -1
    outer loop
      vertex 100.2 13.2 12
      vertex 94.2 16.2 12
      vertex 97.2 22.2 12
    endloop
  endfacet
  facet normal 0 0 -1
    outer loop
      vertex 94.2 22.2 12
      vertex 97.2 22.2 12
      vertex 94.2 16.2 12
    endloop
  endfacet
  facet normal 0 0 -1
    outer loop
      vertex 97.2 22.2 12
      vertex 94.2 22.2 12
      vertex 97.2 25.2 12
    endloop
  endfacet
  facet normal -0 0 -1
    outer loop
      vertex 97.2 25.2 12
      vertex 94.2 22.2 12
      vertex 94.2 25.2 12
    endloop
  endfacet
  facet normal -0 0 -1
    outer loop
      vertex 94.2 22.2 12
      vertex 91.2 19.2 12
      vertex 91.2 22.2 12
    endloop
  endfacet
  facet normal -1 0 0
    outer loop
      vertex 85.2 16.2 12
      vertex 85.2 19.2 12.7442
      vertex 85.2 19.2 12
    endloop
  endfacet
  facet normal -1 -0 0
    outer loop
      vertex 85.2 19.2 12.7442
      vertex 85.2 16.2 12
      vertex 85.2 16.2 12.7442
    endloop
  endfacet
  facet normal 0 1 0
    outer loop
      vertex 91.2 19.2 12.3721
      vertex 91.2 19.2 12
      vertex 88.2 19.2 12.3721
    endloop
  endfacet
  facet normal 0 1 -0
    outer loop
      vertex 88.2 19.2 12.3721
      vertex 85.2 19.2 12.7442
      vertex 88.2 19.2 12.7442
    endloop
  endfacet
  facet normal 0 1 0
    outer loop
      vertex 88.2 19.2 12.3721
      vertex 85.2 19.2 12
      vertex 85.2 19.2 12.7442
    endloop
  endfacet
  facet normal 0 1 0
    outer loop
      vertex 85.2 19.2 12
      vertex 88.2 19.2 12.3721
      vertex 91.2 19.2 12
    endloop
  endfacet
  facet normal 0 -1 0
    outer loop
      vertex 85.2 16.2 12.7442
      vertex 88.2 16.2 12.3721
      vertex 88.2 16.2 12.7442
    endloop
  endfacet
  facet normal 0 -1 -0
    outer loop
      vertex 88.2 16.2 12.3721
      vertex 85.2 16.2 12
      vertex 91.2 16.2 12.3721
    endloop
  endfacet
  facet normal 0 -1 0
    outer loop
      vertex 85.2 16.2 12
      vertex 88.2 16.2 12.3721
      vertex 85.2 16.2 12.7442
    endloop
  endfacet
  facet normal 0 -1 0
    outer loop
      vertex 91.2 16.2 12.3721
      vertex 94.2 16.2 13.1163
      vertex 91.2 16.2 13.1163
    endloop
  endfacet
  facet normal 0 -1 0
    outer loop
      vertex 91.2 16.2 12.3721
      vertex 94.2 16.2 12
      vertex 94.2 16.2 13.1163
    endloop
  endfacet
  facet normal 0 -1 0
    outer loop
      vertex 94.2 16.2 12
      vertex 91.2 16.2 12.3721
      vertex 85.2 16.2 12
    endloop
  endfacet
  facet normal -1 0 0
    outer loop
      vertex 91.2 19.2 12.3721
      vertex 91.2 22.2 12
      vertex 91.2 19.2 12
    endloop
  endfacet
  facet normal -1 0 0
    outer loop
      vertex 91.2 22.2 12
      vertex 91.2 19.2 12.3721
      vertex 91.2 22.2 12.9302
    endloop
  endfacet
  facet normal -1 0 0
    outer loop
      vertex 91.2 19.2 12.3721
      vertex 91.2 19.2 12.9302
      vertex 91.2 22.2 12.9302
    endloop
  endfacet
  facet normal -1 0 0
    outer loop
      vertex 91.2 16.2 12.3721
      vertex 91.2 19.2 12.9302
      vertex 91.2 19.2 12.3721
    endloop
  endfacet
  facet normal -1 0 0
    outer loop
      vertex 91.2 16.2 13.1163
      vertex 91.2 19.2 12.9302
      vertex 91.2 16.2 12.3721
    endloop
  endfacet
  facet normal -1 0 0
    outer loop
      vertex 91.2 19.2 12.9302
      vertex 91.2 16.2 13.1163
      vertex 91.2 19.2 13.1163
    endloop
  endfacet
  facet normal -0 0 1
    outer loop
      vertex 88.2 19.2 12.3721
      vertex 91.2 16.2 12.3721
      vertex 91.2 19.2 12.3721
    endloop
  endfacet
  facet normal 0 0 1
    outer loop
      vertex 91.2 16.2 12.3721
      vertex 88.2 19.2 12.3721
      vertex 88.2 16.2 12.3721
    endloop
  endfacet
  facet normal 1 -0 0
    outer loop
      vertex 94.2 10.2 12.7442
      vertex 94.2 13.2 12
      vertex 94.2 13.2 12.7442
    endloop
  endfacet
  facet normal 1 0 0
    outer loop
      vertex 94.2 13.2 12
      vertex 94.2 10.2 12.7442
      vertex 94.2 10.2 12
    endloop
  endfacet
  facet normal -0 0 1
    outer loop
      vertex 91.2 13.2 12.7442
      vertex 94.2 10.2 12.7442
      vertex 94.2 13.2 12.7442
    endloop
  endfacet
  facet normal 0 0 1
    outer loop
      vertex 94.2 10.2 12.7442
      vertex 91.2 13.2 12.7442
      vertex 91.2 10.2 12.7442
    endloop
  endfacet
  facet normal 0 0 -1
    outer loop
      vertex 91.2 10.2 12
      vertex 94.2 13.2 12
      vertex 94.2 10.2 12
    endloop
  endfacet
  facet normal -0 0 -1
    outer loop
      vertex 94.2 13.2 12
      vertex 91.2 10.2 12
      vertex 91.2 13.2 12
    endloop
  endfacet
  facet normal -1 0 0
    outer loop
      vertex 91.2 10.2 12
      vertex 91.2 13.2 12.7442
      vertex 91.2 13.2 12
    endloop
  endfacet
  facet normal -1 -0 0
    outer loop
      vertex 91.2 13.2 12.7442
      vertex 91.2 10.2 12
      vertex 91.2 10.2 12.7442
    endloop
  endfacet
  facet normal 0 1 -0
    outer loop
      vertex 94.2 13.2 12
      vertex 91.2 13.2 12.7442
      vertex 94.2 13.2 12.7442
    endloop
  endfacet
  facet normal 0 1 0
    outer loop
      vertex 91.2 13.2 12.7442
      vertex 94.2 13.2 12
      vertex 91.2 13.2 12
    endloop
  endfacet
  facet normal 0 -1 0
    outer loop
      vertex 91.2 10.2 12
      vertex 94.2 10.2 12.7442
      vertex 91.2 10.2 12.7442
    endloop
  endfacet
  facet normal 0 -1 -0
    outer loop
      vertex 94.2 10.2 12.7442
      vertex 91.2 10.2 12
      vertex 94.2 10.2 12
    endloop
  endfacet
  facet normal -1 0 0
    outer loop
      vertex 94.2 13.2 12.7442
      vertex 94.2 16.2 13.1163
      vertex 94.2 16.2 12
    endloop
  endfacet
  facet normal -1 0 0
    outer loop
      vertex 94.2 13.2 13.6744
      vertex 94.2 16.2 13.1163
      vertex 94.2 13.2 12.7442
    endloop
  endfacet
  facet normal -1 0 0
    outer loop
      vertex 94.2 13.2 12.7442
      vertex 94.2 16.2 12
      vertex 94.2 13.2 12
    endloop
  endfacet
  facet normal -1 0 0
    outer loop
      vertex 94.2 16.2 13.1163
      vertex 94.2 13.2 13.6744
      vertex 94.2 16.2 13.4884
    endloop
  endfacet
  facet normal -1 0 0
    outer loop
      vertex 94.2 16.2 13.4884
      vertex 94.2 13.2 13.6744
      vertex 94.2 16.2 13.6744
    endloop
  endfacet
  facet normal -1 0 0
    outer loop
      vertex 94.2 16.2 13.1163
      vertex 94.2 19.2 13.4884
      vertex 94.2 19.2 13.1163
    endloop
  endfacet
  facet normal -1 -0 0
    outer loop
      vertex 94.2 19.2 13.4884
      vertex 94.2 16.2 13.1163
      vertex 94.2 16.2 13.4884
    endloop
  endfacet
  facet normal -1 0 0
    outer loop
      vertex 94.2 22.2 12.9302
      vertex 94.2 25.2 12
      vertex 94.2 22.2 12
    endloop
  endfacet
  facet normal -1 0 0
    outer loop
      vertex 94.2 25.2 12
      vertex 94.2 22.2 12.9302
      vertex 94.2 25.2 13.6744
    endloop
  endfacet
  facet normal -1 0 0
    outer loop
      vertex 94.2 22.2 12.9302
      vertex 94.2 22.2 13.6744
      vertex 94.2 25.2 13.6744
    endloop
  endfacet
  facet normal -1 0 0
    outer loop
      vertex 94.2 19.2 13.4884
      vertex 94.2 22.2 13.6744
      vertex 94.2 22.2 12.9302
    endloop
  endfacet
  facet normal -1 0 0
    outer loop
      vertex 94.2 19.2 13.1163
      vertex 94.2 22.2 12.9302
      vertex 94.2 19.2 12.9302
    endloop
  endfacet
  facet normal -1 0 0
    outer loop
      vertex 94.2 19.2 13.4884
      vertex 94.2 22.2 12.9302
      vertex 94.2 19.2 13.1163
    endloop
  endfacet
  facet normal -1 0 0
    outer loop
      vertex 94.2 19.2 13.8605
      vertex 94.2 22.2 13.6744
      vertex 94.2 19.2 13.4884
    endloop
  endfacet
  facet normal -1 0 0
    outer loop
      vertex 94.2 22.2 13.6744
      vertex 94.2 19.2 13.8605
      vertex 94.2 22.2 13.8605
    endloop
  endfacet
  facet normal -0 0 1
    outer loop
      vertex 91.2 19.2 13.1163
      vertex 94.2 16.2 13.1163
      vertex 94.2 19.2 13.1163
    endloop
  endfacet
  facet normal 0 0 1
    outer loop
      vertex 94.2 16.2 13.1163
      vertex 91.2 19.2 13.1163
      vertex 91.2 16.2 13.1163
    endloop
  endfacet
  facet normal 0 1 -0
    outer loop
      vertex 94.2 19.2 12.9302
      vertex 91.2 19.2 13.1163
      vertex 94.2 19.2 13.1163
    endloop
  endfacet
  facet normal 0 1 0
    outer loop
      vertex 91.2 19.2 13.1163
      vertex 94.2 19.2 12.9302
      vertex 91.2 19.2 12.9302
    endloop
  endfacet
  facet normal -0 0 1
    outer loop
      vertex 91.2 22.2 12.9302
      vertex 94.2 19.2 12.9302
      vertex 94.2 22.2 12.9302
    endloop
  endfacet
  facet normal 0 0 1
    outer loop
      vertex 94.2 19.2 12.9302
      vertex 91.2 22.2 12.9302
      vertex 91.2 19.2 12.9302
    endloop
  endfacet
  facet normal 0 1 -0
    outer loop
      vertex 94.2 22.2 12
      vertex 91.2 22.2 12.9302
      vertex 94.2 22.2 12.9302
    endloop
  endfacet
  facet normal 0 1 0
    outer loop
      vertex 91.2 22.2 12.9302
      vertex 94.2 22.2 12
      vertex 91.2 22.2 12
    endloop
  endfacet
  facet normal 1 -0 0
    outer loop
      vertex 97.2 13.2 13.6744
      vertex 97.2 16.2 13.4884
      vertex 97.2 16.2 13.6744
    endloop
  endfacet
  facet normal 1 0 0
    outer loop
      vertex 97.2 16.2 13.4884
      vertex 97.2 13.2 13.6744
      vertex 97.2 16.2 12.9302
    endloop
  endfacet
  facet normal 1 0 0
    outer loop
      vertex 97.2 13.2 12.5581
      vertex 97.2 16.2 12.9302
      vertex 97.2 13.2 13.6744
    endloop
  endfacet
  facet normal 1 0 0
    outer loop
      vertex 97.2 16.2 12.9302
      vertex 97.2 13.2 12.5581
      vertex 97.2 16.2 12.5581
    endloop
  endfacet
  facet normal 1 -0 0
    outer loop
      vertex 97.2 16.2 13.4884
      vertex 97.2 19.2 12.9302
      vertex 97.2 19.2 13.4884
    endloop
  endfacet
  facet normal 1 0 0
    outer loop
      vertex 97.2 19.2 12.9302
      vertex 97.2 16.2 13.4884
      vertex 97.2 16.2 12.9302
    endloop
  endfacet
  facet normal 1 0 0
    outer loop
      vertex 97.2 22.2 12.7442
      vertex 97.2 25.2 13.6744
      vertex 97.2 22.2 13.6744
    endloop
  endfacet
  facet normal 1 0 0
    outer loop
      vertex 97.2 25.2 13.6744
      vertex 97.2 22.2 12.7442
      vertex 97.2 25.2 12
    endloop
  endfacet
  facet normal 1 0 0
    outer loop
      vertex 97.2 25.2 12
      vertex 97.2 22.2 12.7442
      vertex 97.2 22.2 12
    endloop
  endfacet
  facet normal 1 -0 0
    outer loop
      vertex 97.2 19.2 13.8605
      vertex 97.2 22.2 13.6744
      vertex 97.2 22.2 13.8605
    endloop
  endfacet
  facet normal 1 0 0
    outer loop
      vertex 97.2 22.2 13.6744
      vertex 97.2 19.2 13.8605
      vertex 97.2 19.2 13.4884
    endloop
  endfacet
  facet normal 1 0 0
    outer loop
      vertex 97.2 22.2 13.6744
      vertex 97.2 19.2 13.4884
      vertex 97.2 22.2 12.7442
    endloop
  endfacet
  facet normal 1 -0 0
    outer loop
      vertex 97.2 19.2 12.9302
      vertex 97.2 22.2 12.7442
      vertex 97.2 19.2 13.4884
    endloop
  endfacet
  facet normal 1 0 0
    outer loop
      vertex 97.2 22.2 12.7442
      vertex 97.2 19.2 12.9302
      vertex 97.2 19.2 12.7442
    endloop
  endfacet
  facet normal -0 0 1
    outer loop
      vertex 94.2 16.2 13.6744
      vertex 97.2 13.2 13.6744
      vertex 97.2 16.2 13.6744
    endloop
  endfacet
  facet normal 0 0 1
    outer loop
      vertex 97.2 13.2 13.6744
      vertex 94.2 16.2 13.6744
      vertex 94.2 13.2 13.6744
    endloop
  endfacet
  facet normal 0 1 -0
    outer loop
      vertex 97.2 16.2 13.4884
      vertex 94.2 16.2 13.6744
      vertex 97.2 16.2 13.6744
    endloop
  endfacet
  facet normal 0 1 0
    outer loop
      vertex 94.2 16.2 13.6744
      vertex 97.2 16.2 13.4884
      vertex 94.2 16.2 13.4884
    endloop
  endfacet
  facet normal 0 -1 0
    outer loop
      vertex 94.2 13.2 12.7442
      vertex 97.2 13.2 13.6744
      vertex 94.2 13.2 13.6744
    endloop
  endfacet
  facet normal 0 -1 0
    outer loop
      vertex 94.2 13.2 12.7442
      vertex 97.2 13.2 12.5581
      vertex 97.2 13.2 13.6744
    endloop
  endfacet
  facet normal 0 -1 0
    outer loop
      vertex 94.2 13.2 12
      vertex 97.2 13.2 12.5581
      vertex 94.2 13.2 12.7442
    endloop
  endfacet
  facet normal 0 -1 0
    outer loop
      vertex 100.2 13.2 12
      vertex 97.2 13.2 12.5581
      vertex 94.2 13.2 12
    endloop
  endfacet
  facet normal 0 -1 0
    outer loop
      vertex 97.2 13.2 12.5581
      vertex 100.2 13.2 12
      vertex 100.2 13.2 12.5581
    endloop
  endfacet
  facet normal -0 0 1
    outer loop
      vertex 94.2 19.2 13.4884
      vertex 97.2 16.2 13.4884
      vertex 97.2 19.2 13.4884
    endloop
  endfacet
  facet normal 0 0 1
    outer loop
      vertex 97.2 16.2 13.4884
      vertex 94.2 19.2 13.4884
      vertex 94.2 16.2 13.4884
    endloop
  endfacet
  facet normal 0 -1 0
    outer loop
      vertex 94.2 19.2 13.4884
      vertex 97.2 19.2 13.8605
      vertex 94.2 19.2 13.8605
    endloop
  endfacet
  facet normal 0 -1 -0
    outer loop
      vertex 97.2 19.2 13.8605
      vertex 94.2 19.2 13.4884
      vertex 97.2 19.2 13.4884
    endloop
  endfacet
  facet normal -0 0 1
    outer loop
      vertex 94.2 22.2 13.8605
      vertex 97.2 19.2 13.8605
      vertex 97.2 22.2 13.8605
    endloop
  endfacet
  facet normal 0 0 1
    outer loop
      vertex 97.2 19.2 13.8605
      vertex 94.2 22.2 13.8605
      vertex 94.2 19.2 13.8605
    endloop
  endfacet
  facet normal 0 1 -0
    outer loop
      vertex 97.2 22.2 13.6744
      vertex 94.2 22.2 13.8605
      vertex 97.2 22.2 13.8605
    endloop
  endfacet
  facet normal 0 1 0
    outer loop
      vertex 94.2 22.2 13.8605
      vertex 97.2 22.2 13.6744
      vertex 94.2 22.2 13.6744
    endloop
  endfacet
  facet normal -0 0 1
    outer loop
      vertex 94.2 25.2 13.6744
      vertex 97.2 22.2 13.6744
      vertex 97.2 25.2 13.6744
    endloop
  endfacet
  facet normal 0 0 1
    outer loop
      vertex 97.2 22.2 13.6744
      vertex 94.2 25.2 13.6744
      vertex 94.2 22.2 13.6744
    endloop
  endfacet
  facet normal 0 1 -0
    outer loop
      vertex 97.2 25.2 12
      vertex 94.2 25.2 13.6744
      vertex 97.2 25.2 13.6744
    endloop
  endfacet
  facet normal 0 1 0
    outer loop
      vertex 94.2 25.2 13.6744
      vertex 97.2 25.2 12
      vertex 94.2 25.2 12
    endloop
  endfacet
  facet normal 1 0 0
    outer loop
      vertex 100.2 19.2 12.9302
      vertex 100.2 16.2 12.9302
      vertex 100.2 19.2 12.7442
    endloop
  endfacet
  facet normal 1 -0 0
    outer loop
      vertex 100.2 19.2 12.7442
      vertex 100.2 22.2 12
      vertex 100.2 22.2 12.7442
    endloop
  endfacet
  facet normal 1 0 0
    outer loop
      vertex 100.2 16.2 12.5581
      vertex 100.2 19.2 12.7442
      vertex 100.2 16.2 12.9302
    endloop
  endfacet
  facet normal 1 0 0
    outer loop
      vertex 100.2 19.2 12.7442
      vertex 100.2 16.2 12.5581
      vertex 100.2 22.2 12
    endloop
  endfacet
  facet normal 1 0 0
    outer loop
      vertex 100.2 13.2 12
      vertex 100.2 16.2 12.5581
      vertex 100.2 13.2 12.5581
    endloop
  endfacet
  facet normal 1 0 0
    outer loop
      vertex 100.2 16.2 12.5581
      vertex 100.2 13.2 12
      vertex 100.2 22.2 12
    endloop
  endfacet
  facet normal -0 0 1
    outer loop
      vertex 97.2 16.2 12.5581
      vertex 100.2 13.2 12.5581
      vertex 100.2 16.2 12.5581
    endloop
  endfacet
  facet normal 0 0 1
    outer loop
      vertex 100.2 13.2 12.5581
      vertex 97.2 16.2 12.5581
      vertex 97.2 13.2 12.5581
    endloop
  endfacet
  facet normal 0 -1 0
    outer loop
      vertex 97.2 16.2 12.5581
      vertex 100.2 16.2 12.9302
      vertex 97.2 16.2 12.9302
    endloop
  endfacet
  facet normal 0 -1 -0
    outer loop
      vertex 100.2 16.2 12.9302
      vertex 97.2 16.2 12.5581
      vertex 100.2 16.2 12.5581
    endloop
  endfacet
  facet normal -0 0 1
    outer loop
      vertex 97.2 19.2 12.9302
      vertex 100.2 16.2 12.9302
      vertex 100.2 19.2 12.9302
    endloop
  endfacet
  facet normal 0 0 1
    outer loop
      vertex 100.2 16.2 12.9302
      vertex 97.2 19.2 12.9302
      vertex 97.2 16.2 12.9302
    endloop
  endfacet
  facet normal 0 1 -0
    outer loop
      vertex 100.2 19.2 12.7442
      vertex 97.2 19.2 12.9302
      vertex 100.2 19.2 12.9302
    endloop
  endfacet
  facet normal 0 1 0
    outer loop
      vertex 97.2 19.2 12.9302
      vertex 100.2 19.2 12.7442
      vertex 97.2 19.2 12.7442
    endloop
  endfacet
  facet normal -0 0 1
    outer loop
      vertex 97.2 22.2 12.7442
      vertex 100.2 19.2 12.7442
      vertex 100.2 22.2 12.7442
    endloop
  endfacet
  facet normal 0 0 1
    outer loop
      vertex 100.2 19.2 12.7442
      vertex 97.2 22.2 12.7442
      vertex 97.2 19.2 12.7442
    endloop
  endfacet
  facet normal 0 1 -0
    outer loop
      vertex 100.2 22.2 12
      vertex 97.2 22.2 12.7442
      vertex 100.2 22.2 12.7442
    endloop
  endfacet
  facet normal 0 1 0
    outer loop
      vertex 97.2 22.2 12.7442
      vertex 100.2 22.2 12
      vertex 97.2 22.2 12
    endloop
  endfacet
  facet normal 1 -0 0
    outer loop
      vertex 103.2 10.2 12.5581
      vertex 103.2 13.2 12
      vertex 103.2 13.2 12.5581
    endloop
  endfacet
  facet normal 1 0 0
    outer loop
      vertex 103.2 13.2 12
      vertex 103.2 10.2 12.5581
      vertex 103.2 10.2 12
    endloop
  endfacet
  facet normal -0 0 1
    outer loop
      vertex 100.2 13.2 12.5581
      vertex 103.2 10.2 12.5581
      vertex 103.2 13.2 12.5581
    endloop
  endfacet
  facet normal 0 0 1
    outer loop
      vertex 103.2 10.2 12.5581
      vertex 100.2 13.2 12.5581
      vertex 100.2 10.2 12.5581
    endloop
  endfacet
  facet normal 0 0 -1
    outer loop
      vertex 100.2 10.2 12
      vertex 103.2 13.2 12
      vertex 103.2 10.2 12
    endloop
  endfacet
  facet normal -0 0 -1
    outer loop
      vertex 103.2 13.2 12
      vertex 100.2 10.2 12
      vertex 100.2 13.2 12
    endloop
  endfacet
  facet normal -1 0 0
    outer loop
      vertex 100.2 10.2 12
      vertex 100.2 13.2 12.5581
      vertex 100.2 13.2 12
    endloop
  endfacet
  facet normal -1 -0 0
    outer loop
      vertex 100.2 13.2 12.5581
      vertex 100.2 10.2 12
      vertex 100.2 10.2 12.5581
    endloop
  endfacet
  facet normal 0 1 -0
    outer loop
      vertex 103.2 13.2 12
      vertex 100.2 13.2 12.5581
      vertex 103.2 13.2 12.5581
    endloop
  endfacet
  facet normal 0 1 0
    outer loop
      vertex 100.2 13.2 12.5581
      vertex 103.2 13.2 12
      vertex 100.2 13.2 12
    endloop
  endfacet
  facet normal 0 -1 0
    outer loop
      vertex 100.2 10.2 12
      vertex 103.2 10.2 12.5581
      vertex 100.2 10.2 12.5581
    endloop
  endfacet
  facet normal 0 -1 -0
    outer loop
      vertex 103.2 10.2 12.5581
      vertex 100.2 10.2 12
      vertex 103.2 10.2 12
    endloop
  endfacet
  facet normal 1 -0 0
    outer loop
      vertex 106.2 22.2 12.186
      vertex 106.2 25.2 12
      vertex 106.2 25.2 12.186
    endloop
  endfacet
  facet normal 1 0 0
    outer loop
      vertex 106.2 25.2 12
      vertex 106.2 22.2 12.186
      vertex 106.2 22.2 12
    endloop
  endfacet
  facet normal -0 0 1
    outer loop
      vertex 103.2 25.2 12.186
      vertex 106.2 22.2 12.186
      vertex 106.2 25.2 12.186
    endloop
  endfacet
  facet normal 0 0 1
    outer loop
      vertex 106.2 22.2 12.186
      vertex 103.2 25.2 12.186
      vertex 103.2 22.2 12.186
    endloop
  endfacet
  facet normal 0 0 -1
    outer loop
      vertex 103.2 22.2 12
      vertex 106.2 25.2 12
      vertex 106.2 22.2 12
    endloop
  endfacet
  facet normal -0 0 -1
    outer loop
      vertex 106.2 25.2 12
      vertex 103.2 22.2 12
      vertex 103.2 25.2 12
    endloop
  endfacet
  facet normal -1 0 0
    outer loop
      vertex 103.2 22.2 12
      vertex 103.2 25.2 12.186
      vertex 103.2 25.2 12
    endloop
  endfacet
  facet normal -1 -0 0
    outer loop
      vertex 103.2 25.2 12.186
      vertex 103.2 22.2 12
      vertex 103.2 22.2 12.186
    endloop
  endfacet
  facet normal 0 1 -0
    outer loop
      vertex 106.2 25.2 12
      vertex 103.2 25.2 12.186
      vertex 106.2 25.2 12.186
    endloop
  endfacet
  facet normal 0 1 0
    outer loop
      vertex 103.2 25.2 12.186
      vertex 106.2 25.2 12
      vertex 103.2 25.2 12
    endloop
  endfacet
  facet normal 0 -1 0
    outer loop
      vertex 103.2 22.2 12
      vertex 106.2 22.2 12.186
      vertex 103.2 22.2 12.186
    endloop
  endfacet
  facet normal 0 -1 -0
    outer loop
      vertex 106.2 22.2 12.186
      vertex 103.2 22.2 12
      vertex 106.2 22.2 12
    endloop
  endfacet
  facet normal -1 0 0
    outer loop
      vertex 109.2 13.2 12.7442
      vertex 109.2 16.2 12.186
      vertex 109.2 16.2 12
    endloop
  endfacet
  facet normal -1 0 0
    outer loop
      vertex 109.2 16.2 12.186
      vertex 109.2 13.2 12.7442
      vertex 109.2 16.2 12.5581
    endloop
  endfacet
  facet normal -1 0 0
    outer loop
      vertex 109.2 16.2 12.5581
      vertex 109.2 13.2 12.7442
      vertex 109.2 16.2 12.7442
    endloop
  endfacet
  facet normal -1 0 0
    outer loop
      vertex 109.2 10.2 12
      vertex 109.2 13.2 12.7442
      vertex 109.2 16.2 12
    endloop
  endfacet
  facet normal -1 0 0
    outer loop
      vertex 109.2 10.2 13.1163
      vertex 109.2 13.2 12.7442
      vertex 109.2 10.2 12
    endloop
  endfacet
  facet normal -1 0 0
    outer loop
      vertex 109.2 13.2 12.7442
      vertex 109.2 10.2 13.1163
      vertex 109.2 13.2 13.1163
    endloop
  endfacet
  facet normal -1 0 0
    outer loop
      vertex 109.2 16.2 12.186
      vertex 109.2 19.2 12.5581
      vertex 109.2 19.2 12.186
    endloop
  endfacet
  facet normal -1 -0 0
    outer loop
      vertex 109.2 19.2 12.5581
      vertex 109.2 16.2 12.186
      vertex 109.2 16.2 12.5581
    endloop
  endfacet
  facet normal -1 0 0
    outer loop
      vertex 109.2 19.2 12
      vertex 109.2 25.2 12.186
      vertex 109.2 25.2 12
    endloop
  endfacet
  facet normal -1 -0 0
    outer loop
      vertex 109.2 25.2 12.186
      vertex 109.2 19.2 12
      vertex 109.2 19.2 12.186
    endloop
  endfacet
  facet normal -0 0 1
    outer loop
      vertex 106.2 19.2 12.186
      vertex 109.2 16.2 12.186
      vertex 109.2 19.2 12.186
    endloop
  endfacet
  facet normal 0 0 1
    outer loop
      vertex 109.2 16.2 12.186
      vertex 106.2 19.2 12.186
      vertex 106.2 16.2 12.186
    endloop
  endfacet
  facet normal 0 0 -1
    outer loop
      vertex 106.2 16.2 12
      vertex 109.2 19.2 12
      vertex 109.2 16.2 12
    endloop
  endfacet
  facet normal -0 0 -1
    outer loop
      vertex 109.2 19.2 12
      vertex 106.2 16.2 12
      vertex 106.2 19.2 12
    endloop
  endfacet
  facet normal 0 0 -1
    outer loop
      vertex 109.2 10.2 12
      vertex 112.2 13.2 12
      vertex 112.2 10.2 12
    endloop
  endfacet
  facet normal 0 0 -1
    outer loop
      vertex 112.2 13.2 12
      vertex 109.2 16.2 12
      vertex 112.2 16.2 12
    endloop
  endfacet
  facet normal 0 0 -1
    outer loop
      vertex 112.2 16.2 12
      vertex 109.2 16.2 12
      vertex 112.2 19.2 12
    endloop
  endfacet
  facet normal 0 0 -1
    outer loop
      vertex 109.2 19.2 12
      vertex 112.2 19.2 12
      vertex 109.2 16.2 12
    endloop
  endfacet
  facet normal -0 0 -1
    outer loop
      vertex 112.2 13.2 12
      vertex 109.2 10.2 12
      vertex 109.2 16.2 12
    endloop
  endfacet
  facet normal 0 0 -1
    outer loop
      vertex 112.2 19.2 12
      vertex 109.2 19.2 12
      vertex 112.2 22.2 12
    endloop
  endfacet
  facet normal 0 0 -1
    outer loop
      vertex 109.2 25.2 12
      vertex 112.2 22.2 12
      vertex 109.2 19.2 12
    endloop
  endfacet
  facet normal 0 0 -1
    outer loop
      vertex 112.2 22.2 12
      vertex 109.2 25.2 12
      vertex 112.2 25.2 12
    endloop
  endfacet
  facet normal 0 0 -1
    outer loop
      vertex 112.2 13.2 12
      vertex 115.2 16.2 12
      vertex 115.2 13.2 12
    endloop
  endfacet
  facet normal -0 0 -1
    outer loop
      vertex 115.2 16.2 12
      vertex 112.2 13.2 12
      vertex 112.2 16.2 12
    endloop
  endfacet
  facet normal 0 0 -1
    outer loop
      vertex 112.2 19.2 12
      vertex 121.2 22.2 12
      vertex 121.2 19.2 12
    endloop
  endfacet
  facet normal -0 0 -1
    outer loop
      vertex 121.2 22.2 12
      vertex 112.2 19.2 12
      vertex 112.2 22.2 12
    endloop
  endfacet
  facet normal -1 0 0
    outer loop
      vertex 106.2 16.2 12
      vertex 106.2 19.2 12.186
      vertex 106.2 19.2 12
    endloop
  endfacet
  facet normal -1 -0 0
    outer loop
      vertex 106.2 19.2 12.186
      vertex 106.2 16.2 12
      vertex 106.2 16.2 12.186
    endloop
  endfacet
  facet normal 0 1 -0
    outer loop
      vertex 109.2 19.2 12
      vertex 106.2 19.2 12.186
      vertex 109.2 19.2 12.186
    endloop
  endfacet
  facet normal 0 1 0
    outer loop
      vertex 106.2 19.2 12.186
      vertex 109.2 19.2 12
      vertex 106.2 19.2 12
    endloop
  endfacet
  facet normal 0 -1 0
    outer loop
      vertex 106.2 16.2 12
      vertex 109.2 16.2 12.186
      vertex 106.2 16.2 12.186
    endloop
  endfacet
  facet normal 0 -1 -0
    outer loop
      vertex 109.2 16.2 12.186
      vertex 106.2 16.2 12
      vertex 109.2 16.2 12
    endloop
  endfacet
  facet normal 1 -0 0
    outer loop
      vertex 112.2 10.2 13.1163
      vertex 112.2 13.2 12.7442
      vertex 112.2 13.2 13.1163
    endloop
  endfacet
  facet normal 1 0 0
    outer loop
      vertex 112.2 13.2 12.7442
      vertex 112.2 10.2 13.1163
      vertex 112.2 13.2 12.3721
    endloop
  endfacet
  facet normal 1 0 0
    outer loop
      vertex 112.2 10.2 12
      vertex 112.2 13.2 12.3721
      vertex 112.2 10.2 13.1163
    endloop
  endfacet
  facet normal 1 0 0
    outer loop
      vertex 112.2 13.2 12.3721
      vertex 112.2 10.2 12
      vertex 112.2 13.2 12
    endloop
  endfacet
  facet normal 1 -0 0
    outer loop
      vertex 112.2 16.2 12.3721
      vertex 112.2 19.2 12.186
      vertex 112.2 19.2 12.5581
    endloop
  endfacet
  facet normal 1 0 0
    outer loop
      vertex 112.2 16.2 12.3721
      vertex 112.2 19.2 12.5581
      vertex 112.2 16.2 12.5581
    endloop
  endfacet
  facet normal 1 0 0
    outer loop
      vertex 112.2 16.2 12
      vertex 112.2 19.2 12.186
      vertex 112.2 16.2 12.3721
    endloop
  endfacet
  facet normal 1 0 0
    outer loop
      vertex 112.2 19.2 12.186
      vertex 112.2 16.2 12
      vertex 112.2 19.2 12
    endloop
  endfacet
  facet normal 1 -0 0
    outer loop
      vertex 112.2 13.2 12.7442
      vertex 112.2 16.2 12.5581
      vertex 112.2 16.2 12.7442
    endloop
  endfacet
  facet normal 1 0 0
    outer loop
      vertex 112.2 13.2 12.3721
      vertex 112.2 16.2 12.5581
      vertex 112.2 13.2 12.7442
    endloop
  endfacet
  facet normal 1 0 0
    outer loop
      vertex 112.2 16.2 12.5581
      vertex 112.2 13.2 12.3721
      vertex 112.2 16.2 12.3721
    endloop
  endfacet
  facet normal -0 0 1
    outer loop
      vertex 109.2 13.2 13.1163
      vertex 112.2 10.2 13.1163
      vertex 112.2 13.2 13.1163
    endloop
  endfacet
  facet normal 0 0 1
    outer loop
      vertex 112.2 10.2 13.1163
      vertex 109.2 13.2 13.1163
      vertex 109.2 10.2 13.1163
    endloop
  endfacet
  facet normal 0 1 -0
    outer loop
      vertex 112.2 13.2 12.7442
      vertex 109.2 13.2 13.1163
      vertex 112.2 13.2 13.1163
    endloop
  endfacet
  facet normal 0 1 0
    outer loop
      vertex 109.2 13.2 13.1163
      vertex 112.2 13.2 12.7442
      vertex 109.2 13.2 12.7442
    endloop
  endfacet
  facet normal 0 -1 0
    outer loop
      vertex 109.2 10.2 12
      vertex 112.2 10.2 13.1163
      vertex 109.2 10.2 13.1163
    endloop
  endfacet
  facet normal 0 -1 -0
    outer loop
      vertex 112.2 10.2 13.1163
      vertex 109.2 10.2 12
      vertex 112.2 10.2 12
    endloop
  endfacet
  facet normal -0 0 1
    outer loop
      vertex 109.2 16.2 12.7442
      vertex 112.2 13.2 12.7442
      vertex 112.2 16.2 12.7442
    endloop
  endfacet
  facet normal 0 0 1
    outer loop
      vertex 112.2 13.2 12.7442
      vertex 109.2 16.2 12.7442
      vertex 109.2 13.2 12.7442
    endloop
  endfacet
  facet normal 0 1 -0
    outer loop
      vertex 112.2 16.2 12.5581
      vertex 109.2 16.2 12.7442
      vertex 112.2 16.2 12.7442
    endloop
  endfacet
  facet normal 0 1 0
    outer loop
      vertex 109.2 16.2 12.7442
      vertex 112.2 16.2 12.5581
      vertex 109.2 16.2 12.5581
    endloop
  endfacet
  facet normal -0 0 1
    outer loop
      vertex 109.2 19.2 12.5581
      vertex 112.2 16.2 12.5581
      vertex 112.2 19.2 12.5581
    endloop
  endfacet
  facet normal 0 0 1
    outer loop
      vertex 112.2 16.2 12.5581
      vertex 109.2 19.2 12.5581
      vertex 109.2 16.2 12.5581
    endloop
  endfacet
  facet normal 0 1 -0
    outer loop
      vertex 112.2 19.2 12.186
      vertex 109.2 19.2 12.5581
      vertex 112.2 19.2 12.5581
    endloop
  endfacet
  facet normal 0 1 0
    outer loop
      vertex 109.2 19.2 12.5581
      vertex 112.2 19.2 12.186
      vertex 109.2 19.2 12.186
    endloop
  endfacet
  facet normal 0 -1 0
    outer loop
      vertex 112.2 19.2 12.5581
      vertex 115.2 19.2 12.7442
      vertex 112.2 19.2 12.7442
    endloop
  endfacet
  facet normal 0 -1 0
    outer loop
      vertex 115.2 19.2 12.186
      vertex 112.2 19.2 12.5581
      vertex 112.2 19.2 12.186
    endloop
  endfacet
  facet normal 0 -1 0
    outer loop
      vertex 112.2 19.2 12.5581
      vertex 115.2 19.2 12.186
      vertex 115.2 19.2 12.7442
    endloop
  endfacet
  facet normal 0 -1 0
    outer loop
      vertex 112.2 19.2 12
      vertex 115.2 19.2 12.186
      vertex 112.2 19.2 12.186
    endloop
  endfacet
  facet normal 0 -1 0
    outer loop
      vertex 121.2 19.2 12
      vertex 115.2 19.2 12.186
      vertex 112.2 19.2 12
    endloop
  endfacet
  facet normal 0 -1 0
    outer loop
      vertex 115.2 19.2 12.186
      vertex 121.2 19.2 12
      vertex 121.2 19.2 12.186
    endloop
  endfacet
  facet normal -1 0 0
    outer loop
      vertex 112.2 19.2 12.5581
      vertex 112.2 22.2 12.186
      vertex 112.2 19.2 12.186
    endloop
  endfacet
  facet normal -1 0 0
    outer loop
      vertex 112.2 22.2 12.186
      vertex 112.2 19.2 12.5581
      vertex 112.2 22.2 12.7442
    endloop
  endfacet
  facet normal -1 -0 0
    outer loop
      vertex 112.2 22.2 12.7442
      vertex 112.2 19.2 12.5581
      vertex 112.2 19.2 12.7442
    endloop
  endfacet
  facet normal -0 0 1
    outer loop
      vertex 109.2 25.2 12.186
      vertex 112.2 22.2 12.186
      vertex 112.2 25.2 12.186
    endloop
  endfacet
  facet normal 0 0 1
    outer loop
      vertex 109.2 19.2 12.186
      vertex 112.2 22.2 12.186
      vertex 109.2 25.2 12.186
    endloop
  endfacet
  facet normal 0 0 1
    outer loop
      vertex 112.2 22.2 12.186
      vertex 109.2 19.2 12.186
      vertex 112.2 19.2 12.186
    endloop
  endfacet
  facet normal 0 1 -0
    outer loop
      vertex 121.2 22.2 12
      vertex 115.2 22.2 12.186
      vertex 121.2 22.2 12.186
    endloop
  endfacet
  facet normal 0 1 0
    outer loop
      vertex 112.2 22.2 12
      vertex 115.2 22.2 12.186
      vertex 121.2 22.2 12
    endloop
  endfacet
  facet normal 0 1 0
    outer loop
      vertex 115.2 22.2 12.186
      vertex 112.2 22.2 12
      vertex 112.2 22.2 12.186
    endloop
  endfacet
  facet normal 0 1 -0
    outer loop
      vertex 115.2 22.2 12.186
      vertex 112.2 22.2 12.7442
      vertex 115.2 22.2 12.7442
    endloop
  endfacet
  facet normal 0 1 0
    outer loop
      vertex 112.2 22.2 12.7442
      vertex 115.2 22.2 12.186
      vertex 112.2 22.2 12.186
    endloop
  endfacet
  facet normal 1 -0 0
    outer loop
      vertex 112.2 22.2 12.186
      vertex 112.2 25.2 12
      vertex 112.2 25.2 12.186
    endloop
  endfacet
  facet normal 1 0 0
    outer loop
      vertex 112.2 25.2 12
      vertex 112.2 22.2 12.186
      vertex 112.2 22.2 12
    endloop
  endfacet
  facet normal 0 1 -0
    outer loop
      vertex 112.2 25.2 12
      vertex 109.2 25.2 12.186
      vertex 112.2 25.2 12.186
    endloop
  endfacet
  facet normal 0 1 0
    outer loop
      vertex 109.2 25.2 12.186
      vertex 112.2 25.2 12
      vertex 109.2 25.2 12
    endloop
  endfacet
  facet normal 1 -0 0
    outer loop
      vertex 115.2 13.2 12.3721
      vertex 115.2 16.2 12
      vertex 115.2 16.2 12.3721
    endloop
  endfacet
  facet normal 1 0 0
    outer loop
      vertex 115.2 16.2 12
      vertex 115.2 13.2 12.3721
      vertex 115.2 13.2 12
    endloop
  endfacet
  facet normal -0 0 1
    outer loop
      vertex 112.2 16.2 12.3721
      vertex 115.2 13.2 12.3721
      vertex 115.2 16.2 12.3721
    endloop
  endfacet
  facet normal 0 0 1
    outer loop
      vertex 115.2 13.2 12.3721
      vertex 112.2 16.2 12.3721
      vertex 112.2 13.2 12.3721
    endloop
  endfacet
  facet normal 0 1 -0
    outer loop
      vertex 115.2 16.2 12
      vertex 112.2 16.2 12.3721
      vertex 115.2 16.2 12.3721
    endloop
  endfacet
  facet normal 0 1 0
    outer loop
      vertex 112.2 16.2 12.3721
      vertex 115.2 16.2 12
      vertex 112.2 16.2 12
    endloop
  endfacet
  facet normal 0 -1 0
    outer loop
      vertex 112.2 13.2 12
      vertex 115.2 13.2 12.3721
      vertex 112.2 13.2 12.3721
    endloop
  endfacet
  facet normal 0 -1 -0
    outer loop
      vertex 115.2 13.2 12.3721
      vertex 112.2 13.2 12
      vertex 115.2 13.2 12
    endloop
  endfacet
  facet normal 1 -0 0
    outer loop
      vertex 115.2 19.2 12.7442
      vertex 115.2 22.2 12.186
      vertex 115.2 22.2 12.7442
    endloop
  endfacet
  facet normal 1 0 0
    outer loop
      vertex 115.2 22.2 12.186
      vertex 115.2 19.2 12.7442
      vertex 115.2 19.2 12.186
    endloop
  endfacet
  facet normal -0 0 1
    outer loop
      vertex 112.2 22.2 12.7442
      vertex 115.2 19.2 12.7442
      vertex 115.2 22.2 12.7442
    endloop
  endfacet
  facet normal 0 0 1
    outer loop
      vertex 115.2 19.2 12.7442
      vertex 112.2 22.2 12.7442
      vertex 112.2 19.2 12.7442
    endloop
  endfacet
  facet normal -0 0 1
    outer loop
      vertex 115.2 22.2 12.186
      vertex 121.2 19.2 12.186
      vertex 121.2 22.2 12.186
    endloop
  endfacet
  facet normal 0 0 1
    outer loop
      vertex 121.2 19.2 12.186
      vertex 115.2 22.2 12.186
      vertex 115.2 19.2 12.186
    endloop
  endfacet
  facet normal 1 0 0
    outer loop
      vertex 121.2 13.2 13.4884
      vertex 121.2 10.2 13.4884
      vertex 121.2 13.2 12.186
    endloop
  endfacet
  facet normal 1 -0 0
    outer loop
      vertex 121.2 13.2 12.186
      vertex 121.2 16.2 12
      vertex 121.2 16.2 12.186
    endloop
  endfacet
  facet normal 1 0 0
    outer loop
      vertex 121.2 13.2 12.186
      vertex 121.2 10.2 12
      vertex 121.2 16.2 12
    endloop
  endfacet
  facet normal 1 0 0
    outer loop
      vertex 121.2 10.2 12
      vertex 121.2 13.2 12.186
      vertex 121.2 10.2 13.4884
    endloop
  endfacet
  facet normal -0 0 1
    outer loop
      vertex 118.2 13.2 13.4884
      vertex 121.2 10.2 13.4884
      vertex 121.2 13.2 13.4884
    endloop
  endfacet
  facet normal 0 0 1
    outer loop
      vertex 121.2 10.2 13.4884
      vertex 118.2 13.2 13.4884
      vertex 118.2 10.2 13.4884
    endloop
  endfacet
  facet normal 0 0 -1
    outer loop
      vertex 118.2 10.2 12
      vertex 121.2 16.2 12
      vertex 121.2 10.2 12
    endloop
  endfacet
  facet normal -0 0 -1
    outer loop
      vertex 121.2 16.2 12
      vertex 118.2 10.2 12
      vertex 118.2 16.2 12
    endloop
  endfacet
  facet normal -1 0 0
    outer loop
      vertex 118.2 16.2 12
      vertex 118.2 13.2 12.186
      vertex 118.2 16.2 12.186
    endloop
  endfacet
  facet normal -1 0 0
    outer loop
      vertex 118.2 10.2 12
      vertex 118.2 13.2 12.186
      vertex 118.2 16.2 12
    endloop
  endfacet
  facet normal -1 0 0
    outer loop
      vertex 118.2 10.2 13.4884
      vertex 118.2 13.2 12.186
      vertex 118.2 10.2 12
    endloop
  endfacet
  facet normal -1 0 0
    outer loop
      vertex 118.2 13.2 12.186
      vertex 118.2 10.2 13.4884
      vertex 118.2 13.2 13.4884
    endloop
  endfacet
  facet normal 0 1 -0
    outer loop
      vertex 121.2 13.2 12.186
      vertex 118.2 13.2 13.4884
      vertex 121.2 13.2 13.4884
    endloop
  endfacet
  facet normal 0 1 0
    outer loop
      vertex 118.2 13.2 13.4884
      vertex 121.2 13.2 12.186
      vertex 118.2 13.2 12.186
    endloop
  endfacet
  facet normal 0 -1 0
    outer loop
      vertex 118.2 10.2 12
      vertex 121.2 10.2 13.4884
      vertex 118.2 10.2 13.4884
    endloop
  endfacet
  facet normal 0 -1 -0
    outer loop
      vertex 121.2 10.2 13.4884
      vertex 118.2 10.2 12
      vertex 121.2 10.2 12
    endloop
  endfacet
  facet normal -0 0 1
    outer loop
      vertex 118.2 16.2 12.186
      vertex 121.2 13.2 12.186
      vertex 121.2 16.2 12.186
    endloop
  endfacet
  facet normal 0 0 1
    outer loop
      vertex 121.2 13.2 12.186
      vertex 118.2 16.2 12.186
      vertex 118.2 13.2 12.186
    endloop
  endfacet
  facet normal 0 1 -0
    outer loop
      vertex 121.2 16.2 12
      vertex 118.2 16.2 12.186
      vertex 121.2 16.2 12.186
    endloop
  endfacet
  facet normal 0 1 0
    outer loop
      vertex 118.2 16.2 12.186
      vertex 121.2 16.2 12
      vertex 118.2 16.2 12
    endloop
  endfacet
  facet normal 1 -0 0
    outer loop
      vertex 121.2 19.2 12.186
      vertex 121.2 22.2 12
      vertex 121.2 22.2 12.186
    endloop
  endfacet
  facet normal 1 0 0
    outer loop
      vertex 121.2 22.2 12
      vertex 121.2 19.2 12.186
      vertex 121.2 19.2 12
    endloop
  endfacet
  facet normal -1 0 0
    outer loop
      vertex 127.2 10.2 12
      vertex 127.2 13.2 12.3721
      vertex 127.2 13.2 12
    endloop
  endfacet
  facet normal -1 -0 0
    outer loop
      vertex 127.2 13.2 12.3721
      vertex 127.2 10.2 12
      vertex 127.2 13.2 12.7442
    endloop
  endfacet
  facet normal -1 0 0
    outer loop
      vertex 127.2 10.2 13.1163
      vertex 127.2 13.2 12.7442
      vertex 127.2 10.2 12
    endloop
  endfacet
  facet normal -1 0 0
    outer loop
      vertex 127.2 13.2 12.7442
      vertex 127.2 10.2 13.1163
      vertex 127.2 13.2 13.1163
    endloop
  endfacet
  facet normal -1 0 0
    outer loop
      vertex 127.2 13.2 12.3721
      vertex 127.2 16.2 12.7442
      vertex 127.2 16.2 12.3721
    endloop
  endfacet
  facet normal -1 -0 0
    outer loop
      vertex 127.2 16.2 12.7442
      vertex 127.2 13.2 12.3721
      vertex 127.2 13.2 12.7442
    endloop
  endfacet
  facet normal -0 0 1
    outer loop
      vertex 124.2 19.2 12.3721
      vertex 127.2 16.2 12.3721
      vertex 127.2 19.2 12.3721
    endloop
  endfacet
  facet normal 0 0 1
    outer loop
      vertex 124.2 13.2 12.3721
      vertex 127.2 16.2 12.3721
      vertex 124.2 19.2 12.3721
    endloop
  endfacet
  facet normal 0 0 1
    outer loop
      vertex 127.2 16.2 12.3721
      vertex 124.2 13.2 12.3721
      vertex 127.2 13.2 12.3721
    endloop
  endfacet
  facet normal 0 0 -1
    outer loop
      vertex 127.2 13.2 12
      vertex 130.2 10.2 12
      vertex 127.2 10.2 12
    endloop
  endfacet
  facet normal 0 0 -1
    outer loop
      vertex 130.2 10.2 12
      vertex 127.2 13.2 12
      vertex 130.2 16.2 12
    endloop
  endfacet
  facet normal 0 0 -1
    outer loop
      vertex 127.2 13.2 12
      vertex 127.2 16.2 12
      vertex 130.2 16.2 12
    endloop
  endfacet
  facet normal 0 0 -1
    outer loop
      vertex 124.2 13.2 12
      vertex 127.2 16.2 12
      vertex 127.2 13.2 12
    endloop
  endfacet
  facet normal 0 0 -1
    outer loop
      vertex 124.2 19.2 12
      vertex 127.2 16.2 12
      vertex 124.2 13.2 12
    endloop
  endfacet
  facet normal 0 0 -1
    outer loop
      vertex 127.2 16.2 12
      vertex 124.2 19.2 12
      vertex 127.2 19.2 12
    endloop
  endfacet
  facet normal -1 0 0
    outer loop
      vertex 124.2 13.2 12
      vertex 124.2 19.2 12.3721
      vertex 124.2 19.2 12
    endloop
  endfacet
  facet normal -1 -0 0
    outer loop
      vertex 124.2 19.2 12.3721
      vertex 124.2 13.2 12
      vertex 124.2 13.2 12.3721
    endloop
  endfacet
  facet normal 0 -1 0
    outer loop
      vertex 124.2 13.2 12
      vertex 127.2 13.2 12.3721
      vertex 124.2 13.2 12.3721
    endloop
  endfacet
  facet normal 0 -1 -0
    outer loop
      vertex 127.2 13.2 12.3721
      vertex 124.2 13.2 12
      vertex 127.2 13.2 12
    endloop
  endfacet
  facet normal 1 -0 0
    outer loop
      vertex 127.2 16.2 12.3721
      vertex 127.2 19.2 12
      vertex 127.2 19.2 12.3721
    endloop
  endfacet
  facet normal 1 0 0
    outer loop
      vertex 127.2 19.2 12
      vertex 127.2 16.2 12.3721
      vertex 127.2 16.2 12
    endloop
  endfacet
  facet normal 0 1 -0
    outer loop
      vertex 127.2 19.2 12
      vertex 124.2 19.2 12.3721
      vertex 127.2 19.2 12.3721
    endloop
  endfacet
  facet normal 0 1 0
    outer loop
      vertex 124.2 19.2 12.3721
      vertex 127.2 19.2 12
      vertex 124.2 19.2 12
    endloop
  endfacet
  facet normal 1 0 0
    outer loop
      vertex 130.2 13.2 13.1163
      vertex 130.2 10.2 13.1163
      vertex 130.2 13.2 12.7442
    endloop
  endfacet
  facet normal 1 -0 0
    outer loop
      vertex 130.2 13.2 12.7442
      vertex 130.2 16.2 12.186
      vertex 130.2 16.2 12.7442
    endloop
  endfacet
  facet normal 1 0 0
    outer loop
      vertex 130.2 16.2 12.186
      vertex 130.2 13.2 12.7442
      vertex 130.2 16.2 12
    endloop
  endfacet
  facet normal 1 0 0
    outer loop
      vertex 130.2 10.2 12
      vertex 130.2 13.2 12.7442
      vertex 130.2 10.2 13.1163
    endloop
  endfacet
  facet normal 1 0 0
    outer loop
      vertex 130.2 13.2 12.7442
      vertex 130.2 10.2 12
      vertex 130.2 16.2 12
    endloop
  endfacet
  facet normal -0 0 1
    outer loop
      vertex 127.2 13.2 13.1163
      vertex 130.2 10.2 13.1163
      vertex 130.2 13.2 13.1163
    endloop
  endfacet
  facet normal 0 0 1
    outer loop
      vertex 130.2 10.2 13.1163
      vertex 127.2 13.2 13.1163
      vertex 127.2 10.2 13.1163
    endloop
  endfacet
  facet normal 0 1 -0
    outer loop
      vertex 130.2 13.2 12.7442
      vertex 127.2 13.2 13.1163
      vertex 130.2 13.2 13.1163
    endloop
  endfacet
  facet normal 0 1 0
    outer loop
      vertex 127.2 13.2 13.1163
      vertex 130.2 13.2 12.7442
      vertex 127.2 13.2 12.7442
    endloop
  endfacet
  facet normal 0 -1 0
    outer loop
      vertex 127.2 10.2 12
      vertex 130.2 10.2 13.1163
      vertex 127.2 10.2 13.1163
    endloop
  endfacet
  facet normal 0 -1 -0
    outer loop
      vertex 130.2 10.2 13.1163
      vertex 127.2 10.2 12
      vertex 130.2 10.2 12
    endloop
  endfacet
  facet normal -0 0 1
    outer loop
      vertex 127.2 16.2 12.7442
      vertex 130.2 13.2 12.7442
      vertex 130.2 16.2 12.7442
    endloop
  endfacet
  facet normal 0 0 1
    outer loop
      vertex 130.2 13.2 12.7442
      vertex 127.2 16.2 12.7442
      vertex 127.2 13.2 12.7442
    endloop
  endfacet
  facet normal 0 1 0
    outer loop
      vertex 130.2 16.2 12.7442
      vertex 127.2 16.2 12.3721
      vertex 127.2 16.2 12.7442
    endloop
  endfacet
  facet normal 0 1 -0
    outer loop
      vertex 130.2 16.2 12.186
      vertex 127.2 16.2 12.3721
      vertex 130.2 16.2 12.7442
    endloop
  endfacet
  facet normal 0 1 0
    outer loop
      vertex 127.2 16.2 12
      vertex 130.2 16.2 12.186
      vertex 130.2 16.2 12
    endloop
  endfacet
  facet normal 0 1 0
    outer loop
      vertex 130.2 16.2 12.186
      vertex 127.2 16.2 12
      vertex 127.2 16.2 12.3721
    endloop
  endfacet
  facet normal 1 -0 0
    outer loop
      vertex 130.2 22.2 13.4884
      vertex 130.2 25.2 12.7442
      vertex 130.2 25.2 13.4884
    endloop
  endfacet
  facet normal 1 0 0
    outer loop
      vertex 130.2 25.2 12.7442
      vertex 130.2 22.2 13.4884
      vertex 130.2 22.2 12.7442
    endloop
  endfacet
  facet normal 1 0 0
    outer loop
      vertex 130.2 19.2 12.186
      vertex 130.2 22.2 12.3721
      vertex 130.2 19.2 12.3721
    endloop
  endfacet
  facet normal 1 0 0
    outer loop
      vertex 130.2 22.2 12.3721
      vertex 130.2 19.2 12.186
      vertex 130.2 22.2 12
    endloop
  endfacet
  facet normal 1 0 0
    outer loop
      vertex 130.2 22.2 12
      vertex 130.2 19.2 12.186
      vertex 130.2 19.2 12
    endloop
  endfacet
  facet normal -0 0 1
    outer loop
      vertex 127.2 22.2 12.3721
      vertex 130.2 19.2 12.3721
      vertex 130.2 22.2 12.3721
    endloop
  endfacet
  facet normal 0 0 1
    outer loop
      vertex 130.2 19.2 12.3721
      vertex 127.2 22.2 12.3721
      vertex 127.2 19.2 12.3721
    endloop
  endfacet
  facet normal 0 0 -1
    outer loop
      vertex 130.2 19.2 12
      vertex 127.2 19.2 12
      vertex 130.2 22.2 12
    endloop
  endfacet
  facet normal 0 0 -1
    outer loop
      vertex 130.2 16.2 12
      vertex 133.2 19.2 12
      vertex 133.2 16.2 12
    endloop
  endfacet
  facet normal -0 0 -1
    outer loop
      vertex 133.2 19.2 12
      vertex 130.2 16.2 12
      vertex 130.2 19.2 12
    endloop
  endfacet
  facet normal 0 0 -1
    outer loop
      vertex 133.2 16.2 12
      vertex 136.2 13.2 12
      vertex 133.2 13.2 12
    endloop
  endfacet
  facet normal 0 0 -1
    outer loop
      vertex 133.2 19.2 12
      vertex 136.2 13.2 12
      vertex 133.2 16.2 12
    endloop
  endfacet
  facet normal 0 0 -1
    outer loop
      vertex 136.2 13.2 12
      vertex 133.2 19.2 12
      vertex 136.2 25.2 12
    endloop
  endfacet
  facet normal 0 0 -1
    outer loop
      vertex 133.2 22.2 12
      vertex 136.2 25.2 12
      vertex 133.2 19.2 12
    endloop
  endfacet
  facet normal 0 0 -1
    outer loop
      vertex 130.2 22.2 12
      vertex 136.2 25.2 12
      vertex 133.2 22.2 12
    endloop
  endfacet
  facet normal 0 0 -1
    outer loop
      vertex 130.2 22.2 12
      vertex 127.2 25.2 12
      vertex 136.2 25.2 12
    endloop
  endfacet
  facet normal 0 0 -1
    outer loop
      vertex 127.2 25.2 12
      vertex 130.2 22.2 12
      vertex 127.2 19.2 12
    endloop
  endfacet
  facet normal -1 0 0
    outer loop
      vertex 127.2 25.2 12
      vertex 127.2 22.2 12.3721
      vertex 127.2 25.2 13.4884
    endloop
  endfacet
  facet normal -1 0 0
    outer loop
      vertex 127.2 19.2 12
      vertex 127.2 22.2 12.3721
      vertex 127.2 25.2 12
    endloop
  endfacet
  facet normal -1 -0 0
    outer loop
      vertex 127.2 22.2 12.3721
      vertex 127.2 19.2 12
      vertex 127.2 19.2 12.3721
    endloop
  endfacet
  facet normal -1 -0 0
    outer loop
      vertex 127.2 25.2 13.4884
      vertex 127.2 22.2 12.3721
      vertex 127.2 22.2 13.4884
    endloop
  endfacet
  facet normal 0 -1 0
    outer loop
      vertex 127.2 22.2 13.4884
      vertex 130.2 22.2 12.7442
      vertex 130.2 22.2 13.4884
    endloop
  endfacet
  facet normal 0 -1 0
    outer loop
      vertex 127.2 22.2 12.3721
      vertex 130.2 22.2 12.7442
      vertex 127.2 22.2 13.4884
    endloop
  endfacet
  facet normal 0 -1 0
    outer loop
      vertex 130.2 22.2 12.3721
      vertex 130.2 22.2 12.7442
      vertex 127.2 22.2 12.3721
    endloop
  endfacet
  facet normal 0 -1 0
    outer loop
      vertex 130.2 22.2 12.7442
      vertex 130.2 22.2 12.3721
      vertex 133.2 22.2 12.7442
    endloop
  endfacet
  facet normal 0 -1 0
    outer loop
      vertex 130.2 22.2 12.3721
      vertex 133.2 22.2 12.186
      vertex 133.2 22.2 12.7442
    endloop
  endfacet
  facet normal 0 -1 0
    outer loop
      vertex 130.2 22.2 12
      vertex 133.2 22.2 12.186
      vertex 130.2 22.2 12.3721
    endloop
  endfacet
  facet normal 0 -1 -0
    outer loop
      vertex 133.2 22.2 12.186
      vertex 130.2 22.2 12
      vertex 133.2 22.2 12
    endloop
  endfacet
  facet normal 0 -1 0
    outer loop
      vertex 127.2 19.2 12.3721
      vertex 130.2 19.2 12.186
      vertex 130.2 19.2 12.3721
    endloop
  endfacet
  facet normal 0 -1 0
    outer loop
      vertex 127.2 19.2 12
      vertex 130.2 19.2 12.186
      vertex 127.2 19.2 12.3721
    endloop
  endfacet
  facet normal 0 -1 -0
    outer loop
      vertex 130.2 19.2 12.186
      vertex 127.2 19.2 12
      vertex 130.2 19.2 12
    endloop
  endfacet
  facet normal -0 0 1
    outer loop
      vertex 127.2 25.2 13.4884
      vertex 130.2 22.2 13.4884
      vertex 130.2 25.2 13.4884
    endloop
  endfacet
  facet normal 0 0 1
    outer loop
      vertex 130.2 22.2 13.4884
      vertex 127.2 25.2 13.4884
      vertex 127.2 22.2 13.4884
    endloop
  endfacet
  facet normal 0 1 0
    outer loop
      vertex 136.2 25.2 12.186
      vertex 136.2 25.2 12
      vertex 133.2 25.2 12.186
    endloop
  endfacet
  facet normal 0 1 0
    outer loop
      vertex 133.2 25.2 12.7442
      vertex 133.2 25.2 12.186
      vertex 130.2 25.2 12.7442
    endloop
  endfacet
  facet normal 0 1 -0
    outer loop
      vertex 130.2 25.2 12.7442
      vertex 127.2 25.2 13.4884
      vertex 130.2 25.2 13.4884
    endloop
  endfacet
  facet normal 0 1 0
    outer loop
      vertex 130.2 25.2 12.7442
      vertex 127.2 25.2 12
      vertex 127.2 25.2 13.4884
    endloop
  endfacet
  facet normal 0 1 0
    outer loop
      vertex 133.2 25.2 12.186
      vertex 127.2 25.2 12
      vertex 130.2 25.2 12.7442
    endloop
  endfacet
  facet normal 0 1 0
    outer loop
      vertex 127.2 25.2 12
      vertex 133.2 25.2 12.186
      vertex 136.2 25.2 12
    endloop
  endfacet
  facet normal 1 -0 0
    outer loop
      vertex 133.2 22.2 12.7442
      vertex 133.2 25.2 12.186
      vertex 133.2 25.2 12.7442
    endloop
  endfacet
  facet normal 1 0 0
    outer loop
      vertex 133.2 25.2 12.186
      vertex 133.2 22.2 12.7442
      vertex 133.2 22.2 12.186
    endloop
  endfacet
  facet normal -1 0 0
    outer loop
      vertex 133.2 13.2 12
      vertex 133.2 16.2 12.186
      vertex 133.2 16.2 12
    endloop
  endfacet
  facet normal -1 -0 0
    outer loop
      vertex 133.2 16.2 12.186
      vertex 133.2 13.2 12
      vertex 133.2 16.2 12.3721
    endloop
  endfacet
  facet normal -1 0 0
    outer loop
      vertex 133.2 13.2 14.9767
      vertex 133.2 16.2 12.3721
      vertex 133.2 13.2 12
    endloop
  endfacet
  facet normal -1 0 0
    outer loop
      vertex 133.2 16.2 12.3721
      vertex 133.2 13.2 14.9767
      vertex 133.2 16.2 14.9767
    endloop
  endfacet
  facet normal -1 0 0
    outer loop
      vertex 133.2 16.2 12.186
      vertex 133.2 19.2 12.3721
      vertex 133.2 19.2 12.186
    endloop
  endfacet
  facet normal -1 -0 0
    outer loop
      vertex 133.2 19.2 12.3721
      vertex 133.2 16.2 12.186
      vertex 133.2 16.2 12.3721
    endloop
  endfacet
  facet normal -1 0 0
    outer loop
      vertex 133.2 19.2 12.186
      vertex 133.2 22.2 12.186
      vertex 133.2 22.2 12
    endloop
  endfacet
  facet normal -1 0 0
    outer loop
      vertex 133.2 22.2 12.186
      vertex 133.2 19.2 12.3721
      vertex 133.2 22.2 12.7442
    endloop
  endfacet
  facet normal -1 0 0
    outer loop
      vertex 133.2 19.2 12.186
      vertex 133.2 22.2 12
      vertex 133.2 19.2 12
    endloop
  endfacet
  facet normal -1 0 0
    outer loop
      vertex 133.2 22.2 12.186
      vertex 133.2 19.2 12.186
      vertex 133.2 19.2 12.3721
    endloop
  endfacet
  facet normal -1 0 0
    outer loop
      vertex 133.2 19.2 13.4884
      vertex 133.2 22.2 12.7442
      vertex 133.2 19.2 12.3721
    endloop
  endfacet
  facet normal -1 0 0
    outer loop
      vertex 133.2 22.2 12.7442
      vertex 133.2 19.2 13.4884
      vertex 133.2 22.2 13.4884
    endloop
  endfacet
  facet normal -0 0 1
    outer loop
      vertex 130.2 19.2 12.186
      vertex 133.2 16.2 12.186
      vertex 133.2 19.2 12.186
    endloop
  endfacet
  facet normal 0 0 1
    outer loop
      vertex 133.2 16.2 12.186
      vertex 130.2 19.2 12.186
      vertex 130.2 16.2 12.186
    endloop
  endfacet
  facet normal -1 0 0
    outer loop
      vertex 130.2 16.2 12
      vertex 130.2 19.2 12.186
      vertex 130.2 19.2 12
    endloop
  endfacet
  facet normal -1 -0 0
    outer loop
      vertex 130.2 19.2 12.186
      vertex 130.2 16.2 12
      vertex 130.2 16.2 12.186
    endloop
  endfacet
  facet normal 0 1 -0
    outer loop
      vertex 133.2 19.2 12
      vertex 130.2 19.2 12.186
      vertex 133.2 19.2 12.186
    endloop
  endfacet
  facet normal 0 1 0
    outer loop
      vertex 130.2 19.2 12.186
      vertex 133.2 19.2 12
      vertex 130.2 19.2 12
    endloop
  endfacet
  facet normal 0 -1 0
    outer loop
      vertex 133.2 19.2 12.3721
      vertex 136.2 19.2 13.4884
      vertex 133.2 19.2 13.4884
    endloop
  endfacet
  facet normal 0 -1 -0
    outer loop
      vertex 136.2 19.2 13.4884
      vertex 133.2 19.2 12.3721
      vertex 136.2 19.2 12.3721
    endloop
  endfacet
  facet normal 0 -1 0
    outer loop
      vertex 130.2 16.2 12
      vertex 133.2 16.2 12.186
      vertex 130.2 16.2 12.186
    endloop
  endfacet
  facet normal 0 -1 -0
    outer loop
      vertex 133.2 16.2 12.186
      vertex 130.2 16.2 12
      vertex 133.2 16.2 12
    endloop
  endfacet
  facet normal 0 1 -0
    outer loop
      vertex 136.2 16.2 12.3721
      vertex 133.2 16.2 14.9767
      vertex 136.2 16.2 14.9767
    endloop
  endfacet
  facet normal 0 1 0
    outer loop
      vertex 133.2 16.2 14.9767
      vertex 136.2 16.2 12.3721
      vertex 133.2 16.2 12.3721
    endloop
  endfacet
  facet normal -0 0 1
    outer loop
      vertex 130.2 25.2 12.7442
      vertex 133.2 22.2 12.7442
      vertex 133.2 25.2 12.7442
    endloop
  endfacet
  facet normal 0 0 1
    outer loop
      vertex 133.2 22.2 12.7442
      vertex 130.2 25.2 12.7442
      vertex 130.2 22.2 12.7442
    endloop
  endfacet
  facet normal 1 0 0
    outer loop
      vertex 136.2 16.2 14.9767
      vertex 136.2 13.2 14.9767
      vertex 136.2 16.2 12.3721
    endloop
  endfacet
  facet normal 1 0 0
    outer loop
      vertex 136.2 19.2 12.3721
      vertex 136.2 22.2 13.4884
      vertex 136.2 19.2 13.4884
    endloop
  endfacet
  facet normal 1 -0 0
    outer loop
      vertex 136.2 22.2 12.186
      vertex 136.2 25.2 12
      vertex 136.2 25.2 12.186
    endloop
  endfacet
  facet normal 1 0 0
    outer loop
      vertex 136.2 22.2 13.4884
      vertex 136.2 19.2 12.3721
      vertex 136.2 22.2 12.186
    endloop
  endfacet
  facet normal 1 0 0
    outer loop
      vertex 136.2 13.2 12
      vertex 136.2 19.2 12.3721
      vertex 136.2 16.2 12.3721
    endloop
  endfacet
  facet normal 1 0 0
    outer loop
      vertex 136.2 19.2 12.3721
      vertex 136.2 13.2 12
      vertex 136.2 22.2 12.186
    endloop
  endfacet
  facet normal 1 0 0
    outer loop
      vertex 136.2 22.2 12.186
      vertex 136.2 13.2 12
      vertex 136.2 25.2 12
    endloop
  endfacet
  facet normal 1 0 0
    outer loop
      vertex 136.2 13.2 12
      vertex 136.2 16.2 12.3721
      vertex 136.2 13.2 14.9767
    endloop
  endfacet
  facet normal -0 0 1
    outer loop
      vertex 133.2 16.2 14.9767
      vertex 136.2 13.2 14.9767
      vertex 136.2 16.2 14.9767
    endloop
  endfacet
  facet normal 0 0 1
    outer loop
      vertex 136.2 13.2 14.9767
      vertex 133.2 16.2 14.9767
      vertex 133.2 13.2 14.9767
    endloop
  endfacet
  facet normal 0 -1 0
    outer loop
      vertex 133.2 13.2 12
      vertex 136.2 13.2 14.9767
      vertex 133.2 13.2 14.9767
    endloop
  endfacet
  facet normal 0 -1 -0
    outer loop
      vertex 136.2 13.2 14.9767
      vertex 133.2 13.2 12
      vertex 136.2 13.2 12
    endloop
  endfacet
  facet normal -0 0 1
    outer loop
      vertex 133.2 19.2 12.3721
      vertex 136.2 16.2 12.3721
      vertex 136.2 19.2 12.3721
    endloop
  endfacet
  facet normal 0 0 1
    outer loop
      vertex 136.2 16.2 12.3721
      vertex 133.2 19.2 12.3721
      vertex 133.2 16.2 12.3721
    endloop
  endfacet
  facet normal -0 0 1
    outer loop
      vertex 133.2 22.2 13.4884
      vertex 136.2 19.2 13.4884
      vertex 136.2 22.2 13.4884
    endloop
  endfacet
  facet normal 0 0 1
    outer loop
      vertex 136.2 19.2 13.4884
      vertex 133.2 22.2 13.4884
      vertex 133.2 19.2 13.4884
    endloop
  endfacet
  facet normal 0 1 0
    outer loop
      vertex 136.2 22.2 13.4884
      vertex 133.2 22.2 12.7442
      vertex 133.2 22.2 13.4884
    endloop
  endfacet
  facet normal 0 1 -0
    outer loop
      vertex 136.2 22.2 12.186
      vertex 133.2 22.2 12.7442
      vertex 136.2 22.2 13.4884
    endloop
  endfacet
  facet normal 0 1 0
    outer loop
      vertex 133.2 22.2 12.7442
      vertex 136.2 22.2 12.186
      vertex 133.2 22.2 12.186
    endloop
  endfacet
  facet normal -0 0 1
    outer loop
      vertex 133.2 25.2 12.186
      vertex 136.2 22.2 12.186
      vertex 136.2 25.2 12.186
    endloop
  endfacet
  facet normal 0 0 1
    outer loop
      vertex 136.2 22.2 12.186
      vertex 133.2 25.2 12.186
      vertex 133.2 22.2 12.186
    endloop
  endfacet
  facet normal 1 -0 0
    outer loop
      vertex 142.2 16.2 12.186
      vertex 142.2 19.2 12
      vertex 142.2 19.2 12.186
    endloop
  endfacet
  facet normal 1 0 0
    outer loop
      vertex 142.2 19.2 12
      vertex 142.2 16.2 12.186
      vertex 142.2 16.2 12
    endloop
  endfacet
  facet normal -0 0 1
    outer loop
      vertex 139.2 19.2 12.186
      vertex 142.2 16.2 12.186
      vertex 142.2 19.2 12.186
    endloop
  endfacet
  facet normal 0 0 1
    outer loop
      vertex 142.2 16.2 12.186
      vertex 139.2 19.2 12.186
      vertex 139.2 16.2 12.186
    endloop
  endfacet
  facet normal 0 0 -1
    outer loop
      vertex 139.2 16.2 12
      vertex 142.2 19.2 12
      vertex 142.2 16.2 12
    endloop
  endfacet
  facet normal -0 0 -1
    outer loop
      vertex 142.2 19.2 12
      vertex 139.2 16.2 12
      vertex 139.2 19.2 12
    endloop
  endfacet
  facet normal -1 0 0
    outer loop
      vertex 139.2 16.2 12
      vertex 139.2 19.2 12.186
      vertex 139.2 19.2 12
    endloop
  endfacet
  facet normal -1 -0 0
    outer loop
      vertex 139.2 19.2 12.186
      vertex 139.2 16.2 12
      vertex 139.2 16.2 12.186
    endloop
  endfacet
  facet normal 0 1 -0
    outer loop
      vertex 142.2 19.2 12
      vertex 139.2 19.2 12.186
      vertex 142.2 19.2 12.186
    endloop
  endfacet
  facet normal 0 1 0
    outer loop
      vertex 139.2 19.2 12.186
      vertex 142.2 19.2 12
      vertex 139.2 19.2 12
    endloop
  endfacet
  facet normal 0 -1 0
    outer loop
      vertex 139.2 16.2 12
      vertex 142.2 16.2 12.186
      vertex 139.2 16.2 12.186
    endloop
  endfacet
  facet normal 0 -1 -0
    outer loop
      vertex 142.2 16.2 12.186
      vertex 139.2 16.2 12
      vertex 142.2 16.2 12
    endloop
  endfacet
  facet normal -1 0 0
    outer loop
      vertex 142.2 19.2 12.186
      vertex 142.2 22.2 12.186
      vertex 142.2 22.2 12
    endloop
  endfacet
  facet normal -1 0 0
    outer loop
      vertex 142.2 22.2 12.186
      vertex 142.2 19.2 12.186
      vertex 142.2 22.2 12.3721
    endloop
  endfacet
  facet normal -1 0 0
    outer loop
      vertex 142.2 19.2 12.186
      vertex 142.2 22.2 12
      vertex 142.2 19.2 12
    endloop
  endfacet
  facet normal -1 0 0
    outer loop
      vertex 142.2 19.2 12.7442
      vertex 142.2 22.2 12.3721
      vertex 142.2 19.2 12.186
    endloop
  endfacet
  facet normal -1 0 0
    outer loop
      vertex 142.2 22.2 12.3721
      vertex 142.2 19.2 12.7442
      vertex 142.2 22.2 12.7442
    endloop
  endfacet
  facet normal -1 0 0
    outer loop
      vertex 142.2 22.2 12.186
      vertex 142.2 25.2 12.3721
      vertex 142.2 25.2 12.186
    endloop
  endfacet
  facet normal -1 -0 0
    outer loop
      vertex 142.2 25.2 12.3721
      vertex 142.2 22.2 12.186
      vertex 142.2 22.2 12.3721
    endloop
  endfacet
  facet normal -0 0 1
    outer loop
      vertex 139.2 25.2 12.186
      vertex 142.2 22.2 12.186
      vertex 142.2 25.2 12.186
    endloop
  endfacet
  facet normal 0 0 1
    outer loop
      vertex 142.2 22.2 12.186
      vertex 139.2 25.2 12.186
      vertex 139.2 22.2 12.186
    endloop
  endfacet
  facet normal 0 0 -1
    outer loop
      vertex 151.2 16.2 12
      vertex 154.2 13.2 12
      vertex 151.2 13.2 12
    endloop
  endfacet
  facet normal 0 0 -1
    outer loop
      vertex 154.2 13.2 12
      vertex 151.2 16.2 12
      vertex 154.2 19.2 12
    endloop
  endfacet
  facet normal 0 0 -1
    outer loop
      vertex 151.2 16.2 12
      vertex 148.2 19.2 12
      vertex 154.2 19.2 12
    endloop
  endfacet
  facet normal 0 0 -1
    outer loop
      vertex 145.2 16.2 12
      vertex 148.2 19.2 12
      vertex 151.2 16.2 12
    endloop
  endfacet
  facet normal 0 0 -1
    outer loop
      vertex 145.2 19.2 12
      vertex 148.2 19.2 12
      vertex 145.2 16.2 12
    endloop
  endfacet
  facet normal 0 0 -1
    outer loop
      vertex 148.2 19.2 12
      vertex 145.2 19.2 12
      vertex 148.2 22.2 12
    endloop
  endfacet
  facet normal 0 0 -1
    outer loop
      vertex 145.2 19.2 12
      vertex 145.2 22.2 12
      vertex 148.2 22.2 12
    endloop
  endfacet
  facet normal 0 0 -1
    outer loop
      vertex 142.2 22.2 12
      vertex 145.2 22.2 12
      vertex 145.2 19.2 12
    endloop
  endfacet
  facet normal 0 0 -1
    outer loop
      vertex 142.2 22.2 12
      vertex 145.2 19.2 12
      vertex 142.2 19.2 12
    endloop
  endfacet
  facet normal 0 0 -1
    outer loop
      vertex 145.2 22.2 12
      vertex 142.2 22.2 12
      vertex 145.2 25.2 12
    endloop
  endfacet
  facet normal 0 0 -1
    outer loop
      vertex 139.2 25.2 12
      vertex 142.2 22.2 12
      vertex 139.2 22.2 12
    endloop
  endfacet
  facet normal 0 0 -1
    outer loop
      vertex 142.2 22.2 12
      vertex 139.2 25.2 12
      vertex 145.2 25.2 12
    endloop
  endfacet
  facet normal -1 0 0
    outer loop
      vertex 139.2 22.2 12
      vertex 139.2 25.2 12.186
      vertex 139.2 25.2 12
    endloop
  endfacet
  facet normal -1 -0 0
    outer loop
      vertex 139.2 25.2 12.186
      vertex 139.2 22.2 12
      vertex 139.2 22.2 12.186
    endloop
  endfacet
  facet normal 0 1 0
    outer loop
      vertex 145.2 25.2 12.3721
      vertex 142.2 25.2 12.186
      vertex 142.2 25.2 12.3721
    endloop
  endfacet
  facet normal 0 1 -0
    outer loop
      vertex 145.2 25.2 12
      vertex 142.2 25.2 12.186
      vertex 145.2 25.2 12.3721
    endloop
  endfacet
  facet normal 0 1 0
    outer loop
      vertex 139.2 25.2 12
      vertex 142.2 25.2 12.186
      vertex 145.2 25.2 12
    endloop
  endfacet
  facet normal 0 1 0
    outer loop
      vertex 142.2 25.2 12.186
      vertex 139.2 25.2 12
      vertex 139.2 25.2 12.186
    endloop
  endfacet
  facet normal 0 -1 0
    outer loop
      vertex 139.2 22.2 12
      vertex 142.2 22.2 12.186
      vertex 139.2 22.2 12.186
    endloop
  endfacet
  facet normal 0 -1 -0
    outer loop
      vertex 142.2 22.2 12.186
      vertex 139.2 22.2 12
      vertex 142.2 22.2 12
    endloop
  endfacet
  facet normal -1 0 0
    outer loop
      vertex 145.2 19.2 20.7442
      vertex 145.2 22.2 12.7442
      vertex 145.2 19.2 12.7442
    endloop
  endfacet
  facet normal -1 0 0
    outer loop
      vertex 145.2 22.2 12.7442
      vertex 145.2 19.2 20.7442
      vertex 145.2 22.2 36
    endloop
  endfacet
  facet normal -1 -0 0
    outer loop
      vertex 145.2 22.2 36
      vertex 145.2 19.2 20.7442
      vertex 145.2 19.2 36
    endloop
  endfacet
  facet normal -1 0 0
    outer loop
      vertex 145.2 16.2 12
      vertex 145.2 19.2 12.7442
      vertex 145.2 19.2 12
    endloop
  endfacet
  facet normal -1 0 0
    outer loop
      vertex 145.2 16.2 20.7442
      vertex 145.2 19.2 12.7442
      vertex 145.2 16.2 12
    endloop
  endfacet
  facet normal -1 0 0
    outer loop
      vertex 145.2 19.2 12.7442
      vertex 145.2 16.2 20.7442
      vertex 145.2 19.2 20.7442
    endloop
  endfacet
  facet normal -0 0 1
    outer loop
      vertex 142.2 22.2 12.7442
      vertex 145.2 19.2 12.7442
      vertex 145.2 22.2 12.7442
    endloop
  endfacet
  facet normal 0 0 1
    outer loop
      vertex 145.2 19.2 12.7442
      vertex 142.2 22.2 12.7442
      vertex 142.2 19.2 12.7442
    endloop
  endfacet
  facet normal 0 1 0
    outer loop
      vertex 148.2 22.2 36
      vertex 145.2 22.2 12.7442
      vertex 145.2 22.2 36
    endloop
  endfacet
  facet normal 0 1 0
    outer loop
      vertex 145.2 22.2 12.7442
      vertex 145.2 22.2 12.3721
      vertex 142.2 22.2 12.7442
    endloop
  endfacet
  facet normal 0 1 -0
    outer loop
      vertex 148.2 22.2 12.186
      vertex 145.2 22.2 12.7442
      vertex 148.2 22.2 36
    endloop
  endfacet
  facet normal 0 1 0
    outer loop
      vertex 145.2 22.2 12.7442
      vertex 148.2 22.2 12.186
      vertex 145.2 22.2 12.3721
    endloop
  endfacet
  facet normal 0 1 0
    outer loop
      vertex 145.2 22.2 12
      vertex 148.2 22.2 12.186
      vertex 148.2 22.2 12
    endloop
  endfacet
  facet normal 0 1 0
    outer loop
      vertex 148.2 22.2 12.186
      vertex 145.2 22.2 12
      vertex 145.2 22.2 12.3721
    endloop
  endfacet
  facet normal 0 1 0
    outer loop
      vertex 142.2 22.2 12.7442
      vertex 145.2 22.2 12.3721
      vertex 142.2 22.2 12.3721
    endloop
  endfacet
  facet normal 0 -1 0
    outer loop
      vertex 145.2 19.2 20.7442
      vertex 148.2 19.2 36
      vertex 145.2 19.2 36
    endloop
  endfacet
  facet normal 0 -1 -0
    outer loop
      vertex 148.2 19.2 36
      vertex 145.2 19.2 20.7442
      vertex 148.2 19.2 20.7442
    endloop
  endfacet
  facet normal 0 1 0
    outer loop
      vertex 154.2 19.2 13.8605
      vertex 151.2 19.2 12.186
      vertex 151.2 19.2 13.8605
    endloop
  endfacet
  facet normal 0 1 -0
    outer loop
      vertex 154.2 19.2 12
      vertex 151.2 19.2 12.186
      vertex 154.2 19.2 13.8605
    endloop
  endfacet
  facet normal 0 1 0
    outer loop
      vertex 148.2 19.2 12
      vertex 151.2 19.2 12.186
      vertex 154.2 19.2 12
    endloop
  endfacet
  facet normal 0 1 0
    outer loop
      vertex 151.2 19.2 12.186
      vertex 148.2 19.2 12
      vertex 148.2 19.2 12.186
    endloop
  endfacet
  facet normal 0 -1 0
    outer loop
      vertex 142.2 19.2 12.186
      vertex 145.2 19.2 12.7442
      vertex 142.2 19.2 12.7442
    endloop
  endfacet
  facet normal 0 -1 0
    outer loop
      vertex 145.2 19.2 12
      vertex 142.2 19.2 12.186
      vertex 142.2 19.2 12
    endloop
  endfacet
  facet normal 0 -1 0
    outer loop
      vertex 142.2 19.2 12.186
      vertex 145.2 19.2 12
      vertex 145.2 19.2 12.7442
    endloop
  endfacet
  facet normal 1 -0 0
    outer loop
      vertex 145.2 22.2 12.3721
      vertex 145.2 25.2 12
      vertex 145.2 25.2 12.3721
    endloop
  endfacet
  facet normal 1 0 0
    outer loop
      vertex 145.2 25.2 12
      vertex 145.2 22.2 12.3721
      vertex 145.2 22.2 12
    endloop
  endfacet
  facet normal -0 0 1
    outer loop
      vertex 142.2 25.2 12.3721
      vertex 145.2 22.2 12.3721
      vertex 145.2 25.2 12.3721
    endloop
  endfacet
  facet normal 0 0 1
    outer loop
      vertex 145.2 22.2 12.3721
      vertex 142.2 25.2 12.3721
      vertex 142.2 22.2 12.3721
    endloop
  endfacet
  facet normal 1 -0 0
    outer loop
      vertex 148.2 16.2 20.7442
      vertex 148.2 19.2 12.186
      vertex 148.2 19.2 20.7442
    endloop
  endfacet
  facet normal 1 0 0
    outer loop
      vertex 148.2 19.2 12.186
      vertex 148.2 16.2 20.7442
      vertex 148.2 16.2 12.186
    endloop
  endfacet
  facet normal 1 -0 0
    outer loop
      vertex 148.2 19.2 20.7442
      vertex 148.2 22.2 12.186
      vertex 148.2 22.2 36
    endloop
  endfacet
  facet normal 1 0 0
    outer loop
      vertex 148.2 19.2 20.7442
      vertex 148.2 22.2 36
      vertex 148.2 19.2 36
    endloop
  endfacet
  facet normal 1 0 0
    outer loop
      vertex 148.2 19.2 12.186
      vertex 148.2 22.2 12.186
      vertex 148.2 19.2 20.7442
    endloop
  endfacet
  facet normal 1 0 0
    outer loop
      vertex 148.2 22.2 12.186
      vertex 148.2 19.2 12.186
      vertex 148.2 22.2 12
    endloop
  endfacet
  facet normal 1 0 0
    outer loop
      vertex 148.2 22.2 12
      vertex 148.2 19.2 12.186
      vertex 148.2 19.2 12
    endloop
  endfacet
  facet normal -0 0 1
    outer loop
      vertex 145.2 19.2 20.7442
      vertex 148.2 16.2 20.7442
      vertex 148.2 19.2 20.7442
    endloop
  endfacet
  facet normal 0 0 1
    outer loop
      vertex 148.2 16.2 20.7442
      vertex 145.2 19.2 20.7442
      vertex 145.2 16.2 20.7442
    endloop
  endfacet
  facet normal 0 -1 0
    outer loop
      vertex 145.2 16.2 20.7442
      vertex 148.2 16.2 12.186
      vertex 148.2 16.2 20.7442
    endloop
  endfacet
  facet normal 0 -1 0
    outer loop
      vertex 145.2 16.2 12
      vertex 148.2 16.2 12.186
      vertex 145.2 16.2 20.7442
    endloop
  endfacet
  facet normal 0 -1 0
    outer loop
      vertex 151.2 16.2 12
      vertex 148.2 16.2 12.186
      vertex 145.2 16.2 12
    endloop
  endfacet
  facet normal 0 -1 0
    outer loop
      vertex 148.2 16.2 12.186
      vertex 151.2 16.2 12
      vertex 151.2 16.2 12.186
    endloop
  endfacet
  facet normal -0 0 1
    outer loop
      vertex 145.2 22.2 36
      vertex 148.2 19.2 36
      vertex 148.2 22.2 36
    endloop
  endfacet
  facet normal 0 0 1
    outer loop
      vertex 148.2 19.2 36
      vertex 145.2 22.2 36
      vertex 145.2 19.2 36
    endloop
  endfacet
  facet normal -1 0 0
    outer loop
      vertex 151.2 16.2 12.3721
      vertex 151.2 19.2 12.186
      vertex 151.2 16.2 12.186
    endloop
  endfacet
  facet normal -1 0 0
    outer loop
      vertex 151.2 19.2 12.186
      vertex 151.2 16.2 12.3721
      vertex 151.2 19.2 13.8605
    endloop
  endfacet
  facet normal -1 -0 0
    outer loop
      vertex 151.2 19.2 13.8605
      vertex 151.2 16.2 12.3721
      vertex 151.2 16.2 13.8605
    endloop
  endfacet
  facet normal -1 0 0
    outer loop
      vertex 151.2 13.2 12
      vertex 151.2 16.2 12.186
      vertex 151.2 16.2 12
    endloop
  endfacet
  facet normal -1 0 0
    outer loop
      vertex 151.2 13.2 12.3721
      vertex 151.2 16.2 12.186
      vertex 151.2 13.2 12
    endloop
  endfacet
  facet normal -1 0 0
    outer loop
      vertex 151.2 16.2 12.186
      vertex 151.2 13.2 12.3721
      vertex 151.2 16.2 12.3721
    endloop
  endfacet
  facet normal -0 0 1
    outer loop
      vertex 148.2 19.2 12.186
      vertex 151.2 16.2 12.186
      vertex 151.2 19.2 12.186
    endloop
  endfacet
  facet normal 0 0 1
    outer loop
      vertex 151.2 16.2 12.186
      vertex 148.2 19.2 12.186
      vertex 148.2 16.2 12.186
    endloop
  endfacet
  facet normal 1 -0 0
    outer loop
      vertex 151.2 22.2 12.186
      vertex 151.2 25.2 12
      vertex 151.2 25.2 12.186
    endloop
  endfacet
  facet normal 1 0 0
    outer loop
      vertex 151.2 25.2 12
      vertex 151.2 22.2 12.186
      vertex 151.2 22.2 12
    endloop
  endfacet
  facet normal -0 0 1
    outer loop
      vertex 148.2 25.2 12.186
      vertex 151.2 22.2 12.186
      vertex 151.2 25.2 12.186
    endloop
  endfacet
  facet normal 0 0 1
    outer loop
      vertex 151.2 22.2 12.186
      vertex 148.2 25.2 12.186
      vertex 148.2 22.2 12.186
    endloop
  endfacet
  facet normal 0 0 -1
    outer loop
      vertex 148.2 22.2 12
      vertex 151.2 25.2 12
      vertex 151.2 22.2 12
    endloop
  endfacet
  facet normal -0 0 -1
    outer loop
      vertex 151.2 25.2 12
      vertex 148.2 22.2 12
      vertex 148.2 25.2 12
    endloop
  endfacet
  facet normal -1 0 0
    outer loop
      vertex 148.2 22.2 12
      vertex 148.2 25.2 12.186
      vertex 148.2 25.2 12
    endloop
  endfacet
  facet normal -1 -0 0
    outer loop
      vertex 148.2 25.2 12.186
      vertex 148.2 22.2 12
      vertex 148.2 22.2 12.186
    endloop
  endfacet
  facet normal 0 1 -0
    outer loop
      vertex 151.2 25.2 12
      vertex 148.2 25.2 12.186
      vertex 151.2 25.2 12.186
    endloop
  endfacet
  facet normal 0 1 0
    outer loop
      vertex 148.2 25.2 12.186
      vertex 151.2 25.2 12
      vertex 148.2 25.2 12
    endloop
  endfacet
  facet normal 0 -1 0
    outer loop
      vertex 148.2 22.2 12
      vertex 151.2 22.2 12.186
      vertex 148.2 22.2 12.186
    endloop
  endfacet
  facet normal 0 -1 -0
    outer loop
      vertex 151.2 22.2 12.186
      vertex 148.2 22.2 12
      vertex 151.2 22.2 12
    endloop
  endfacet
  facet normal 1 0 0
    outer loop
      vertex 154.2 16.2 12.3721
      vertex 154.2 19.2 13.8605
      vertex 154.2 16.2 13.8605
    endloop
  endfacet
  facet normal 1 0 0
    outer loop
      vertex 154.2 19.2 13.8605
      vertex 154.2 16.2 12.3721
      vertex 154.2 19.2 12
    endloop
  endfacet
  facet normal 1 0 0
    outer loop
      vertex 154.2 13.2 12
      vertex 154.2 16.2 12.3721
      vertex 154.2 13.2 12.3721
    endloop
  endfacet
  facet normal 1 0 0
    outer loop
      vertex 154.2 16.2 12.3721
      vertex 154.2 13.2 12
      vertex 154.2 19.2 12
    endloop
  endfacet
  facet normal -0 0 1
    outer loop
      vertex 151.2 16.2 12.3721
      vertex 154.2 13.2 12.3721
      vertex 154.2 16.2 12.3721
    endloop
  endfacet
  facet normal 0 0 1
    outer loop
      vertex 154.2 13.2 12.3721
      vertex 151.2 16.2 12.3721
      vertex 151.2 13.2 12.3721
    endloop
  endfacet
  facet normal 0 -1 0
    outer loop
      vertex 151.2 16.2 12.3721
      vertex 154.2 16.2 13.8605
      vertex 151.2 16.2 13.8605
    endloop
  endfacet
  facet normal 0 -1 -0
    outer loop
      vertex 154.2 16.2 13.8605
      vertex 151.2 16.2 12.3721
      vertex 154.2 16.2 12.3721
    endloop
  endfacet
  facet normal 0 -1 0
    outer loop
      vertex 151.2 13.2 12
      vertex 154.2 13.2 12.3721
      vertex 151.2 13.2 12.3721
    endloop
  endfacet
  facet normal 0 -1 -0
    outer loop
      vertex 154.2 13.2 12.3721
      vertex 151.2 13.2 12
      vertex 154.2 13.2 12
    endloop
  endfacet
  facet normal -0 0 1
    outer loop
      vertex 151.2 19.2 13.8605
      vertex 154.2 16.2 13.8605
      vertex 154.2 19.2 13.8605
    endloop
  endfacet
  facet normal 0 0 1
    outer loop
      vertex 154.2 16.2 13.8605
      vertex 151.2 19.2 13.8605
      vertex 151.2 16.2 13.8605
    endloop
  endfacet
  facet normal 1 -0 0
    outer loop
      vertex 157.2 10.2 12.3721
      vertex 157.2 13.2 12
      vertex 157.2 13.2 12.3721
    endloop
  endfacet
  facet normal 1 0 0
    outer loop
      vertex 157.2 13.2 12
      vertex 157.2 10.2 12.3721
      vertex 157.2 10.2 12
    endloop
  endfacet
  facet normal -0 0 1
    outer loop
      vertex 154.2 13.2 12.3721
      vertex 157.2 10.2 12.3721
      vertex 157.2 13.2 12.3721
    endloop
  endfacet
  facet normal 0 0 1
    outer loop
      vertex 157.2 10.2 12.3721
      vertex 154.2 13.2 12.3721
      vertex 154.2 10.2 12.3721
    endloop
  endfacet
  facet normal 0 0 -1
    outer loop
      vertex 154.2 10.2 12
      vertex 157.2 13.2 12
      vertex 157.2 10.2 12
    endloop
  endfacet
  facet normal -0 0 -1
    outer loop
      vertex 157.2 13.2 12
      vertex 154.2 10.2 12
      vertex 154.2 13.2 12
    endloop
  endfacet
  facet normal -1 0 0
    outer loop
      vertex 154.2 10.2 12
      vertex 154.2 13.2 12.3721
      vertex 154.2 13.2 12
    endloop
  endfacet
  facet normal -1 -0 0
    outer loop
      vertex 154.2 13.2 12.3721
      vertex 154.2 10.2 12
      vertex 154.2 10.2 12.3721
    endloop
  endfacet
  facet normal 0 1 -0
    outer loop
      vertex 157.2 13.2 12
      vertex 154.2 13.2 12.3721
      vertex 157.2 13.2 12.3721
    endloop
  endfacet
  facet normal 0 1 0
    outer loop
      vertex 154.2 13.2 12.3721
      vertex 157.2 13.2 12
      vertex 154.2 13.2 12
    endloop
  endfacet
  facet normal 0 -1 0
    outer loop
      vertex 154.2 10.2 12
      vertex 157.2 10.2 12.3721
      vertex 154.2 10.2 12.3721
    endloop
  endfacet
  facet normal 0 -1 -0
    outer loop
      vertex 157.2 10.2 12.3721
      vertex 154.2 10.2 12
      vertex 157.2 10.2 12
    endloop
  endfacet
  facet normal 1 -0 0
    outer loop
      vertex 163.2 13.2 12.5581
      vertex 163.2 16.2 12
      vertex 163.2 16.2 12.5581
    endloop
  endfacet
  facet normal 1 0 0
    outer loop
      vertex 163.2 16.2 12
      vertex 163.2 13.2 12.5581
      vertex 163.2 13.2 12
    endloop
  endfacet
  facet normal -0 0 1
    outer loop
      vertex 160.2 16.2 12.5581
      vertex 163.2 13.2 12.5581
      vertex 163.2 16.2 12.5581
    endloop
  endfacet
  facet normal 0 0 1
    outer loop
      vertex 163.2 13.2 12.5581
      vertex 160.2 16.2 12.5581
      vertex 160.2 13.2 12.5581
    endloop
  endfacet
  facet normal 0 0 -1
    outer loop
      vertex 160.2 13.2 12
      vertex 163.2 16.2 12
      vertex 163.2 13.2 12
    endloop
  endfacet
  facet normal -0 0 -1
    outer loop
      vertex 163.2 16.2 12
      vertex 160.2 13.2 12
      vertex 163.2 19.2 12
    endloop
  endfacet
  facet normal 0 0 -1
    outer loop
      vertex 160.2 22.2 12
      vertex 163.2 19.2 12
      vertex 160.2 13.2 12
    endloop
  endfacet
  facet normal 0 0 -1
    outer loop
      vertex 163.2 19.2 12
      vertex 160.2 22.2 12
      vertex 163.2 22.2 12
    endloop
  endfacet
  facet normal 0 0 -1
    outer loop
      vertex 163.2 16.2 12
      vertex 169.2 19.2 12
      vertex 169.2 16.2 12
    endloop
  endfacet
  facet normal -0 0 -1
    outer loop
      vertex 169.2 19.2 12
      vertex 163.2 16.2 12
      vertex 163.2 19.2 12
    endloop
  endfacet
  facet normal -1 0 0
    outer loop
      vertex 160.2 22.2 12
      vertex 160.2 19.2 14.0465
      vertex 160.2 22.2 18.6977
    endloop
  endfacet
  facet normal -1 0 0
    outer loop
      vertex 160.2 22.2 12
      vertex 160.2 16.2 12.5581
      vertex 160.2 19.2 14.0465
    endloop
  endfacet
  facet normal -1 0 0
    outer loop
      vertex 160.2 13.2 12
      vertex 160.2 16.2 12.5581
      vertex 160.2 22.2 12
    endloop
  endfacet
  facet normal -1 -0 0
    outer loop
      vertex 160.2 16.2 12.5581
      vertex 160.2 13.2 12
      vertex 160.2 13.2 12.5581
    endloop
  endfacet
  facet normal -1 -0 0
    outer loop
      vertex 160.2 22.2 18.6977
      vertex 160.2 19.2 14.0465
      vertex 160.2 19.2 18.6977
    endloop
  endfacet
  facet normal -1 -0 0
    outer loop
      vertex 160.2 19.2 14.0465
      vertex 160.2 16.2 12.5581
      vertex 160.2 16.2 14.0465
    endloop
  endfacet
  facet normal 0 -1 0
    outer loop
      vertex 163.2 16.2 12.5581
      vertex 160.2 16.2 14.0465
      vertex 160.2 16.2 12.5581
    endloop
  endfacet
  facet normal 0 -1 0
    outer loop
      vertex 166.2 16.2 14.0465
      vertex 169.2 16.2 15.5349
      vertex 166.2 16.2 15.5349
    endloop
  endfacet
  facet normal 0 -1 0
    outer loop
      vertex 160.2 16.2 14.0465
      vertex 163.2 16.2 12.5581
      vertex 166.2 16.2 14.0465
    endloop
  endfacet
  facet normal 0 -1 0
    outer loop
      vertex 163.2 16.2 12
      vertex 166.2 16.2 14.0465
      vertex 163.2 16.2 12.5581
    endloop
  endfacet
  facet normal 0 -1 0
    outer loop
      vertex 169.2 16.2 12
      vertex 166.2 16.2 14.0465
      vertex 163.2 16.2 12
    endloop
  endfacet
  facet normal 0 -1 0
    outer loop
      vertex 166.2 16.2 14.0465
      vertex 169.2 16.2 12
      vertex 169.2 16.2 15.5349
    endloop
  endfacet
  facet normal 0 -1 0
    outer loop
      vertex 160.2 13.2 12
      vertex 163.2 13.2 12.5581
      vertex 160.2 13.2 12.5581
    endloop
  endfacet
  facet normal 0 -1 -0
    outer loop
      vertex 163.2 13.2 12.5581
      vertex 160.2 13.2 12
      vertex 163.2 13.2 12
    endloop
  endfacet
  facet normal -0 0 1
    outer loop
      vertex 163.2 19.2 14.0465
      vertex 166.2 16.2 14.0465
      vertex 166.2 19.2 14.0465
    endloop
  endfacet
  facet normal 0 0 1
    outer loop
      vertex 160.2 16.2 14.0465
      vertex 163.2 19.2 14.0465
      vertex 160.2 19.2 14.0465
    endloop
  endfacet
  facet normal 0 0 1
    outer loop
      vertex 163.2 19.2 14.0465
      vertex 160.2 16.2 14.0465
      vertex 166.2 16.2 14.0465
    endloop
  endfacet
  facet normal 0 1 0
    outer loop
      vertex 169.2 19.2 15.5349
      vertex 166.2 19.2 14.0465
      vertex 166.2 19.2 15.5349
    endloop
  endfacet
  facet normal 0 1 -0
    outer loop
      vertex 169.2 19.2 12
      vertex 166.2 19.2 14.0465
      vertex 169.2 19.2 15.5349
    endloop
  endfacet
  facet normal 0 1 0
    outer loop
      vertex 163.2 19.2 12
      vertex 166.2 19.2 14.0465
      vertex 169.2 19.2 12
    endloop
  endfacet
  facet normal 0 1 0
    outer loop
      vertex 166.2 19.2 14.0465
      vertex 163.2 19.2 12
      vertex 163.2 19.2 14.0465
    endloop
  endfacet
  facet normal 0 -1 0
    outer loop
      vertex 160.2 19.2 14.0465
      vertex 163.2 19.2 18.6977
      vertex 160.2 19.2 18.6977
    endloop
  endfacet
  facet normal 0 -1 -0
    outer loop
      vertex 163.2 19.2 18.6977
      vertex 160.2 19.2 14.0465
      vertex 163.2 19.2 14.0465
    endloop
  endfacet
  facet normal 1 0 0
    outer loop
      vertex 163.2 19.2 14.0465
      vertex 163.2 22.2 18.6977
      vertex 163.2 19.2 18.6977
    endloop
  endfacet
  facet normal 1 0 0
    outer loop
      vertex 163.2 22.2 18.6977
      vertex 163.2 19.2 14.0465
      vertex 163.2 22.2 12
    endloop
  endfacet
  facet normal 1 0 0
    outer loop
      vertex 163.2 22.2 12
      vertex 163.2 19.2 14.0465
      vertex 163.2 19.2 12
    endloop
  endfacet
  facet normal -0 0 1
    outer loop
      vertex 160.2 22.2 18.6977
      vertex 163.2 19.2 18.6977
      vertex 163.2 22.2 18.6977
    endloop
  endfacet
  facet normal 0 0 1
    outer loop
      vertex 163.2 19.2 18.6977
      vertex 160.2 22.2 18.6977
      vertex 160.2 19.2 18.6977
    endloop
  endfacet
  facet normal 0 1 -0
    outer loop
      vertex 163.2 22.2 12
      vertex 160.2 22.2 18.6977
      vertex 163.2 22.2 18.6977
    endloop
  endfacet
  facet normal 0 1 0
    outer loop
      vertex 160.2 22.2 18.6977
      vertex 163.2 22.2 12
      vertex 160.2 22.2 12
    endloop
  endfacet
  facet normal 1 -0 0
    outer loop
      vertex 166.2 10.2 12.9302
      vertex 166.2 13.2 12
      vertex 166.2 13.2 12.9302
    endloop
  endfacet
  facet normal 1 0 0
    outer loop
      vertex 166.2 13.2 12
      vertex 166.2 10.2 12.9302
      vertex 166.2 10.2 12
    endloop
  endfacet
  facet normal -0 0 1
    outer loop
      vertex 163.2 13.2 12.9302
      vertex 166.2 10.2 12.9302
      vertex 166.2 13.2 12.9302
    endloop
  endfacet
  facet normal 0 0 1
    outer loop
      vertex 166.2 10.2 12.9302
      vertex 163.2 13.2 12.9302
      vertex 163.2 10.2 12.9302
    endloop
  endfacet
  facet normal 0 0 -1
    outer loop
      vertex 163.2 10.2 12
      vertex 166.2 13.2 12
      vertex 166.2 10.2 12
    endloop
  endfacet
  facet normal -0 0 -1
    outer loop
      vertex 166.2 13.2 12
      vertex 163.2 10.2 12
      vertex 163.2 13.2 12
    endloop
  endfacet
  facet normal -1 0 0
    outer loop
      vertex 163.2 10.2 12
      vertex 163.2 13.2 12.5581
      vertex 163.2 13.2 12
    endloop
  endfacet
  facet normal -1 0 0
    outer loop
      vertex 163.2 10.2 12.9302
      vertex 163.2 13.2 12.5581
      vertex 163.2 10.2 12
    endloop
  endfacet
  facet normal -1 0 0
    outer loop
      vertex 163.2 13.2 12.5581
      vertex 163.2 10.2 12.9302
      vertex 163.2 13.2 12.9302
    endloop
  endfacet
  facet normal 0 1 0
    outer loop
      vertex 166.2 13.2 12.9302
      vertex 163.2 13.2 12.5581
      vertex 163.2 13.2 12.9302
    endloop
  endfacet
  facet normal 0 1 -0
    outer loop
      vertex 166.2 13.2 12
      vertex 163.2 13.2 12.5581
      vertex 166.2 13.2 12.9302
    endloop
  endfacet
  facet normal 0 1 0
    outer loop
      vertex 163.2 13.2 12.5581
      vertex 166.2 13.2 12
      vertex 163.2 13.2 12
    endloop
  endfacet
  facet normal 0 -1 0
    outer loop
      vertex 163.2 10.2 12
      vertex 166.2 10.2 12.9302
      vertex 163.2 10.2 12.9302
    endloop
  endfacet
  facet normal 0 -1 -0
    outer loop
      vertex 166.2 10.2 12.9302
      vertex 163.2 10.2 12
      vertex 166.2 10.2 12
    endloop
  endfacet
  facet normal -1 0 0
    outer loop
      vertex 166.2 16.2 14.0465
      vertex 166.2 19.2 15.5349
      vertex 166.2 19.2 14.0465
    endloop
  endfacet
  facet normal -1 -0 0
    outer loop
      vertex 166.2 19.2 15.5349
      vertex 166.2 16.2 14.0465
      vertex 166.2 16.2 15.5349
    endloop
  endfacet
  facet normal 1 -0 0
    outer loop
      vertex 169.2 16.2 15.5349
      vertex 169.2 19.2 12
      vertex 169.2 19.2 15.5349
    endloop
  endfacet
  facet normal 1 0 0
    outer loop
      vertex 169.2 19.2 12
      vertex 169.2 16.2 15.5349
      vertex 169.2 16.2 12
    endloop
  endfacet
  facet normal -0 0 1
    outer loop
      vertex 166.2 19.2 15.5349
      vertex 169.2 16.2 15.5349
      vertex 169.2 19.2 15.5349
    endloop
  endfacet
  facet normal 0 0 1
    outer loop
      vertex 169.2 16.2 15.5349
      vertex 166.2 19.2 15.5349
      vertex 166.2 16.2 15.5349
    endloop
  endfacet
endsolid OpenSCAD_Model
