solid OpenSCAD_Model
  facet normal 1 0 0
    outer loop
      vertex 16.2 13.2 13.5894
      vertex 16.2 16.2 14.3841
      vertex 16.2 13.2 14.3841
    endloop
  endfacet
  facet normal 1 0 0
    outer loop
      vertex 16.2 16.2 14.3841
      vertex 16.2 13.2 13.5894
      vertex 16.2 16.2 12.6358
    endloop
  endfacet
  facet normal 1 -0 0
    outer loop
      vertex 16.2 13.2 13.2715
      vertex 16.2 16.2 12.6358
      vertex 16.2 13.2 13.5894
    endloop
  endfacet
  facet normal 1 0 0
    outer loop
      vertex 16.2 16.2 12.6358
      vertex 16.2 13.2 13.2715
      vertex 16.2 13.2 12.6358
    endloop
  endfacet
  facet normal -1 0 0
    outer loop
      vertex 16.2 10.2 13.2715
      vertex 16.2 13.2 13.5894
      vertex 16.2 13.2 13.2715
    endloop
  endfacet
  facet normal -1 -0 0
    outer loop
      vertex 16.2 13.2 13.5894
      vertex 16.2 10.2 13.2715
      vertex 16.2 10.2 13.5894
    endloop
  endfacet
  facet normal -0 0 1
    outer loop
      vertex 13.2 13.2 13.2715
      vertex 16.2 10.2 13.2715
      vertex 16.2 13.2 13.2715
    endloop
  endfacet
  facet normal 0 0 1
    outer loop
      vertex 16.2 10.2 13.2715
      vertex 13.2 13.2 13.2715
      vertex 13.2 10.2 13.2715
    endloop
  endfacet
  facet normal 0 0 -1
    outer loop
      vertex 13.2 10.2 12
      vertex 19.2 13.2 12
      vertex 19.2 10.2 12
    endloop
  endfacet
  facet normal 0 0 -1
    outer loop
      vertex 19.2 13.2 12
      vertex 16.2 16.2 12
      vertex 19.2 16.2 12
    endloop
  endfacet
  facet normal 0 0 -1
    outer loop
      vertex 16.2 19.2 12
      vertex 19.2 16.2 12
      vertex 16.2 16.2 12
    endloop
  endfacet
  facet normal -0 0 -1
    outer loop
      vertex 19.2 13.2 12
      vertex 13.2 10.2 12
      vertex 16.2 16.2 12
    endloop
  endfacet
  facet normal -0 0 -1
    outer loop
      vertex 16.2 16.2 12
      vertex 13.2 10.2 12
      vertex 13.2 16.2 12
    endloop
  endfacet
  facet normal 0 0 -1
    outer loop
      vertex 19.2 13.2 12
      vertex 22.2 16.2 12
      vertex 22.2 13.2 12
    endloop
  endfacet
  facet normal -0 0 -1
    outer loop
      vertex 22.2 16.2 12
      vertex 19.2 13.2 12
      vertex 19.2 16.2 12
    endloop
  endfacet
  facet normal 0 0 -1
    outer loop
      vertex 19.2 16.2 12
      vertex 16.2 19.2 12
      vertex 19.2 22.2 12
    endloop
  endfacet
  facet normal 0 0 -1
    outer loop
      vertex 16.2 19.2 12
      vertex 16.2 22.2 12
      vertex 19.2 22.2 12
    endloop
  endfacet
  facet normal 0 0 -1
    outer loop
      vertex 13.2 19.2 12
      vertex 16.2 22.2 12
      vertex 16.2 19.2 12
    endloop
  endfacet
  facet normal 0 0 -1
    outer loop
      vertex 13.2 25.2 12
      vertex 16.2 22.2 12
      vertex 13.2 19.2 12
    endloop
  endfacet
  facet normal 0 0 -1
    outer loop
      vertex 16.2 22.2 12
      vertex 13.2 25.2 12
      vertex 16.2 25.2 12
    endloop
  endfacet
  facet normal -1 0 0
    outer loop
      vertex 13.2 16.2 12
      vertex 13.2 13.2 13.2715
      vertex 13.2 16.2 14.3841
    endloop
  endfacet
  facet normal -1 0 0
    outer loop
      vertex 13.2 10.2 12
      vertex 13.2 13.2 13.2715
      vertex 13.2 16.2 12
    endloop
  endfacet
  facet normal -1 -0 0
    outer loop
      vertex 13.2 13.2 13.2715
      vertex 13.2 10.2 12
      vertex 13.2 10.2 13.2715
    endloop
  endfacet
  facet normal -1 -0 0
    outer loop
      vertex 13.2 16.2 14.3841
      vertex 13.2 13.2 13.2715
      vertex 13.2 13.2 14.3841
    endloop
  endfacet
  facet normal 0 -1 0
    outer loop
      vertex 13.2 13.2 14.3841
      vertex 16.2 13.2 13.5894
      vertex 16.2 13.2 14.3841
    endloop
  endfacet
  facet normal 0 -1 0
    outer loop
      vertex 13.2 13.2 13.2715
      vertex 16.2 13.2 13.5894
      vertex 13.2 13.2 14.3841
    endloop
  endfacet
  facet normal 0 -1 -0
    outer loop
      vertex 16.2 13.2 13.5894
      vertex 13.2 13.2 13.2715
      vertex 16.2 13.2 13.2715
    endloop
  endfacet
  facet normal 0 -1 0
    outer loop
      vertex 13.2 10.2 13.2715
      vertex 13.2 10.2 12
      vertex 16.2 10.2 13.2715
    endloop
  endfacet
  facet normal 0 -1 0
    outer loop
      vertex 16.2 10.2 13.2715
      vertex 19.2 10.2 13.5894
      vertex 16.2 10.2 13.5894
    endloop
  endfacet
  facet normal 0 -1 0
    outer loop
      vertex 19.2 10.2 12
      vertex 16.2 10.2 13.2715
      vertex 13.2 10.2 12
    endloop
  endfacet
  facet normal 0 -1 0
    outer loop
      vertex 16.2 10.2 13.2715
      vertex 19.2 10.2 12
      vertex 19.2 10.2 13.5894
    endloop
  endfacet
  facet normal -0 0 1
    outer loop
      vertex 13.2 16.2 14.3841
      vertex 16.2 13.2 14.3841
      vertex 16.2 16.2 14.3841
    endloop
  endfacet
  facet normal 0 0 1
    outer loop
      vertex 16.2 13.2 14.3841
      vertex 13.2 16.2 14.3841
      vertex 13.2 13.2 14.3841
    endloop
  endfacet
  facet normal 0 1 -0
    outer loop
      vertex 16.2 16.2 12.6358
      vertex 13.2 16.2 14.3841
      vertex 16.2 16.2 14.3841
    endloop
  endfacet
  facet normal 0 1 0
    outer loop
      vertex 13.2 16.2 12
      vertex 16.2 16.2 12.6358
      vertex 16.2 16.2 12
    endloop
  endfacet
  facet normal 0 1 0
    outer loop
      vertex 16.2 16.2 12.6358
      vertex 13.2 16.2 12
      vertex 13.2 16.2 14.3841
    endloop
  endfacet
  facet normal 1 -0 0
    outer loop
      vertex 16.2 19.2 13.2715
      vertex 16.2 22.2 12.6358
      vertex 16.2 22.2 13.2715
    endloop
  endfacet
  facet normal 1 0 0
    outer loop
      vertex 16.2 22.2 12.6358
      vertex 16.2 19.2 13.2715
      vertex 16.2 19.2 12.6358
    endloop
  endfacet
  facet normal 1 0 0
    outer loop
      vertex 16.2 22.2 13.2715
      vertex 16.2 25.2 13.9073
      vertex 16.2 22.2 13.9073
    endloop
  endfacet
  facet normal 1 0 0
    outer loop
      vertex 16.2 25.2 13.9073
      vertex 16.2 22.2 13.2715
      vertex 16.2 25.2 12
    endloop
  endfacet
  facet normal 1 -0 0
    outer loop
      vertex 16.2 22.2 12.6358
      vertex 16.2 25.2 12
      vertex 16.2 22.2 13.2715
    endloop
  endfacet
  facet normal 1 0 0
    outer loop
      vertex 16.2 25.2 12
      vertex 16.2 22.2 12.6358
      vertex 16.2 22.2 12
    endloop
  endfacet
  facet normal -1 0 0
    outer loop
      vertex 16.2 16.2 12
      vertex 16.2 19.2 12.6358
      vertex 16.2 19.2 12
    endloop
  endfacet
  facet normal -1 -0 0
    outer loop
      vertex 16.2 19.2 12.6358
      vertex 16.2 16.2 12
      vertex 16.2 16.2 12.6358
    endloop
  endfacet
  facet normal -0 0 1
    outer loop
      vertex 13.2 22.2 13.2715
      vertex 16.2 19.2 13.2715
      vertex 16.2 22.2 13.2715
    endloop
  endfacet
  facet normal 0 0 1
    outer loop
      vertex 16.2 19.2 13.2715
      vertex 13.2 22.2 13.2715
      vertex 13.2 19.2 13.2715
    endloop
  endfacet
  facet normal -1 0 0
    outer loop
      vertex 13.2 25.2 12
      vertex 13.2 22.2 13.2715
      vertex 13.2 25.2 13.9073
    endloop
  endfacet
  facet normal -1 0 0
    outer loop
      vertex 13.2 19.2 12
      vertex 13.2 22.2 13.2715
      vertex 13.2 25.2 12
    endloop
  endfacet
  facet normal -1 -0 0
    outer loop
      vertex 13.2 22.2 13.2715
      vertex 13.2 19.2 12
      vertex 13.2 19.2 13.2715
    endloop
  endfacet
  facet normal -1 -0 0
    outer loop
      vertex 13.2 25.2 13.9073
      vertex 13.2 22.2 13.2715
      vertex 13.2 22.2 13.9073
    endloop
  endfacet
  facet normal 0 -1 0
    outer loop
      vertex 13.2 22.2 13.2715
      vertex 16.2 22.2 13.9073
      vertex 13.2 22.2 13.9073
    endloop
  endfacet
  facet normal 0 -1 -0
    outer loop
      vertex 16.2 22.2 13.9073
      vertex 13.2 22.2 13.2715
      vertex 16.2 22.2 13.2715
    endloop
  endfacet
  facet normal 0 -1 0
    outer loop
      vertex 13.2 19.2 13.2715
      vertex 16.2 19.2 12.6358
      vertex 16.2 19.2 13.2715
    endloop
  endfacet
  facet normal 0 -1 0
    outer loop
      vertex 13.2 19.2 12
      vertex 16.2 19.2 12.6358
      vertex 13.2 19.2 13.2715
    endloop
  endfacet
  facet normal 0 -1 -0
    outer loop
      vertex 16.2 19.2 12.6358
      vertex 13.2 19.2 12
      vertex 16.2 19.2 12
    endloop
  endfacet
  facet normal -0 0 1
    outer loop
      vertex 13.2 25.2 13.9073
      vertex 16.2 22.2 13.9073
      vertex 16.2 25.2 13.9073
    endloop
  endfacet
  facet normal 0 0 1
    outer loop
      vertex 16.2 22.2 13.9073
      vertex 13.2 25.2 13.9073
      vertex 13.2 22.2 13.9073
    endloop
  endfacet
  facet normal 0 1 -0
    outer loop
      vertex 16.2 25.2 12
      vertex 13.2 25.2 13.9073
      vertex 16.2 25.2 13.9073
    endloop
  endfacet
  facet normal 0 1 0
    outer loop
      vertex 13.2 25.2 13.9073
      vertex 16.2 25.2 12
      vertex 13.2 25.2 12
    endloop
  endfacet
  facet normal 1 -0 0
    outer loop
      vertex 19.2 10.2 13.5894
      vertex 19.2 13.2 12.6358
      vertex 19.2 13.2 13.5894
    endloop
  endfacet
  facet normal 1 0 0
    outer loop
      vertex 19.2 10.2 12
      vertex 19.2 13.2 12.6358
      vertex 19.2 10.2 13.5894
    endloop
  endfacet
  facet normal 1 0 0
    outer loop
      vertex 19.2 13.2 12.6358
      vertex 19.2 10.2 12
      vertex 19.2 13.2 12
    endloop
  endfacet
  facet normal -0 0 1
    outer loop
      vertex 16.2 13.2 13.5894
      vertex 19.2 10.2 13.5894
      vertex 19.2 13.2 13.5894
    endloop
  endfacet
  facet normal 0 0 1
    outer loop
      vertex 19.2 10.2 13.5894
      vertex 16.2 13.2 13.5894
      vertex 16.2 10.2 13.5894
    endloop
  endfacet
  facet normal 0 1 0
    outer loop
      vertex 19.2 13.2 13.5894
      vertex 16.2 13.2 13.2715
      vertex 16.2 13.2 13.5894
    endloop
  endfacet
  facet normal 0 1 -0
    outer loop
      vertex 19.2 13.2 12.6358
      vertex 16.2 13.2 13.2715
      vertex 19.2 13.2 13.5894
    endloop
  endfacet
  facet normal 0 1 0
    outer loop
      vertex 16.2 13.2 13.2715
      vertex 19.2 13.2 12.6358
      vertex 16.2 13.2 12.6358
    endloop
  endfacet
  facet normal -0 0 1
    outer loop
      vertex 16.2 19.2 12.6358
      vertex 19.2 16.2 12.6358
      vertex 19.2 22.2 12.6358
    endloop
  endfacet
  facet normal 0 0 1
    outer loop
      vertex 16.2 19.2 12.6358
      vertex 19.2 22.2 12.6358
      vertex 16.2 22.2 12.6358
    endloop
  endfacet
  facet normal 0 0 1
    outer loop
      vertex 16.2 16.2 12.6358
      vertex 19.2 16.2 12.6358
      vertex 16.2 19.2 12.6358
    endloop
  endfacet
  facet normal 0 0 1
    outer loop
      vertex 19.2 16.2 12.6358
      vertex 16.2 16.2 12.6358
      vertex 19.2 13.2 12.6358
    endloop
  endfacet
  facet normal 0 0 1
    outer loop
      vertex 19.2 13.2 12.6358
      vertex 16.2 16.2 12.6358
      vertex 16.2 13.2 12.6358
    endloop
  endfacet
  facet normal -0 0 1
    outer loop
      vertex 19.2 16.2 12.6358
      vertex 22.2 13.2 12.6358
      vertex 22.2 16.2 12.6358
    endloop
  endfacet
  facet normal 0 0 1
    outer loop
      vertex 22.2 13.2 12.6358
      vertex 19.2 16.2 12.6358
      vertex 19.2 13.2 12.6358
    endloop
  endfacet
  facet normal 1 -0 0
    outer loop
      vertex 19.2 16.2 12.6358
      vertex 19.2 22.2 12
      vertex 19.2 22.2 12.6358
    endloop
  endfacet
  facet normal 1 0 0
    outer loop
      vertex 19.2 22.2 12
      vertex 19.2 16.2 12.6358
      vertex 19.2 16.2 12
    endloop
  endfacet
  facet normal 0 1 -0
    outer loop
      vertex 19.2 22.2 12
      vertex 16.2 22.2 12.6358
      vertex 19.2 22.2 12.6358
    endloop
  endfacet
  facet normal 0 1 0
    outer loop
      vertex 16.2 22.2 12.6358
      vertex 19.2 22.2 12
      vertex 16.2 22.2 12
    endloop
  endfacet
  facet normal 1 -0 0
    outer loop
      vertex 22.2 13.2 12.6358
      vertex 22.2 16.2 12
      vertex 22.2 16.2 12.6358
    endloop
  endfacet
  facet normal 1 0 0
    outer loop
      vertex 22.2 16.2 12
      vertex 22.2 13.2 12.6358
      vertex 22.2 13.2 12
    endloop
  endfacet
  facet normal 0 1 -0
    outer loop
      vertex 22.2 16.2 12
      vertex 19.2 16.2 12.6358
      vertex 22.2 16.2 12.6358
    endloop
  endfacet
  facet normal 0 1 0
    outer loop
      vertex 19.2 16.2 12.6358
      vertex 22.2 16.2 12
      vertex 19.2 16.2 12
    endloop
  endfacet
  facet normal 0 -1 0
    outer loop
      vertex 19.2 13.2 12
      vertex 22.2 13.2 12.6358
      vertex 19.2 13.2 12.6358
    endloop
  endfacet
  facet normal 0 -1 -0
    outer loop
      vertex 22.2 13.2 12.6358
      vertex 19.2 13.2 12
      vertex 22.2 13.2 12
    endloop
  endfacet
  facet normal -1 0 0
    outer loop
      vertex 25.2 16.2 12.6358
      vertex 25.2 19.2 15.9735
      vertex 25.2 19.2 12.6358
    endloop
  endfacet
  facet normal -1 -0 0
    outer loop
      vertex 25.2 19.2 15.9735
      vertex 25.2 16.2 12.6358
      vertex 25.2 16.2 15.9735
    endloop
  endfacet
  facet normal -0 0 1
    outer loop
      vertex 22.2 19.2 12.6358
      vertex 25.2 16.2 12.6358
      vertex 25.2 19.2 12.6358
    endloop
  endfacet
  facet normal 0 0 1
    outer loop
      vertex 25.2 16.2 12.6358
      vertex 22.2 19.2 12.6358
      vertex 22.2 16.2 12.6358
    endloop
  endfacet
  facet normal 0 0 -1
    outer loop
      vertex 22.2 16.2 12
      vertex 28.2 19.2 12
      vertex 28.2 16.2 12
    endloop
  endfacet
  facet normal -0 0 -1
    outer loop
      vertex 28.2 19.2 12
      vertex 22.2 16.2 12
      vertex 22.2 19.2 12
    endloop
  endfacet
  facet normal -1 0 0
    outer loop
      vertex 22.2 16.2 12
      vertex 22.2 19.2 12.6358
      vertex 22.2 19.2 12
    endloop
  endfacet
  facet normal -1 -0 0
    outer loop
      vertex 22.2 19.2 12.6358
      vertex 22.2 16.2 12
      vertex 22.2 16.2 12.6358
    endloop
  endfacet
  facet normal 0 1 0
    outer loop
      vertex 28.2 19.2 15.9735
      vertex 25.2 19.2 12.6358
      vertex 25.2 19.2 15.9735
    endloop
  endfacet
  facet normal 0 1 -0
    outer loop
      vertex 28.2 19.2 12
      vertex 25.2 19.2 12.6358
      vertex 28.2 19.2 15.9735
    endloop
  endfacet
  facet normal 0 1 0
    outer loop
      vertex 22.2 19.2 12
      vertex 25.2 19.2 12.6358
      vertex 28.2 19.2 12
    endloop
  endfacet
  facet normal 0 1 0
    outer loop
      vertex 25.2 19.2 12.6358
      vertex 22.2 19.2 12
      vertex 22.2 19.2 12.6358
    endloop
  endfacet
  facet normal 0 -1 0
    outer loop
      vertex 22.2 16.2 12.6358
      vertex 22.2 16.2 12
      vertex 25.2 16.2 12.6358
    endloop
  endfacet
  facet normal 0 -1 0
    outer loop
      vertex 25.2 16.2 12.6358
      vertex 28.2 16.2 15.9735
      vertex 25.2 16.2 15.9735
    endloop
  endfacet
  facet normal 0 -1 0
    outer loop
      vertex 25.2 16.2 12.6358
      vertex 28.2 16.2 12
      vertex 28.2 16.2 15.9735
    endloop
  endfacet
  facet normal 0 -1 0
    outer loop
      vertex 28.2 16.2 12
      vertex 25.2 16.2 12.6358
      vertex 22.2 16.2 12
    endloop
  endfacet
  facet normal 1 -0 0
    outer loop
      vertex 28.2 16.2 15.9735
      vertex 28.2 19.2 12
      vertex 28.2 19.2 15.9735
    endloop
  endfacet
  facet normal 1 0 0
    outer loop
      vertex 28.2 19.2 12
      vertex 28.2 16.2 15.9735
      vertex 28.2 16.2 12
    endloop
  endfacet
  facet normal -0 0 1
    outer loop
      vertex 25.2 19.2 15.9735
      vertex 28.2 16.2 15.9735
      vertex 28.2 19.2 15.9735
    endloop
  endfacet
  facet normal 0 0 1
    outer loop
      vertex 28.2 16.2 15.9735
      vertex 25.2 19.2 15.9735
      vertex 25.2 16.2 15.9735
    endloop
  endfacet
  facet normal 1 0 0
    outer loop
      vertex 43.2 16.2 14.0662
      vertex 43.2 13.2 14.0662
      vertex 43.2 16.2 12.7947
    endloop
  endfacet
  facet normal 1 0 0
    outer loop
      vertex 43.2 19.2 12.7947
      vertex 43.2 16.2 12.7947
      vertex 43.2 19.2 12.3179
    endloop
  endfacet
  facet normal 1 -0 0
    outer loop
      vertex 43.2 19.2 12.3179
      vertex 43.2 22.2 12
      vertex 43.2 22.2 12.3179
    endloop
  endfacet
  facet normal 1 0 0
    outer loop
      vertex 43.2 13.2 12.3179
      vertex 43.2 16.2 12.7947
      vertex 43.2 13.2 14.0662
    endloop
  endfacet
  facet normal 1 0 0
    outer loop
      vertex 43.2 13.2 12.3179
      vertex 43.2 19.2 12.3179
      vertex 43.2 16.2 12.7947
    endloop
  endfacet
  facet normal 1 -0 0
    outer loop
      vertex 43.2 13.2 12.3179
      vertex 43.2 22.2 12
      vertex 43.2 19.2 12.3179
    endloop
  endfacet
  facet normal 1 0 0
    outer loop
      vertex 43.2 10.2 12
      vertex 43.2 13.2 12.3179
      vertex 43.2 10.2 12.3179
    endloop
  endfacet
  facet normal 1 0 0
    outer loop
      vertex 43.2 13.2 12.3179
      vertex 43.2 10.2 12
      vertex 43.2 22.2 12
    endloop
  endfacet
  facet normal -0 0 1
    outer loop
      vertex 40.2 13.2 12.3179
      vertex 43.2 10.2 12.3179
      vertex 43.2 13.2 12.3179
    endloop
  endfacet
  facet normal 0 0 1
    outer loop
      vertex 43.2 10.2 12.3179
      vertex 40.2 13.2 12.3179
      vertex 40.2 10.2 12.3179
    endloop
  endfacet
  facet normal 0 0 -1
    outer loop
      vertex 40.2 10.2 12
      vertex 43.2 22.2 12
      vertex 43.2 10.2 12
    endloop
  endfacet
  facet normal -0 0 -1
    outer loop
      vertex 43.2 22.2 12
      vertex 40.2 10.2 12
      vertex 40.2 22.2 12
    endloop
  endfacet
  facet normal -1 0 0
    outer loop
      vertex 40.2 22.2 12
      vertex 40.2 19.2 12.3179
      vertex 40.2 22.2 12.3179
    endloop
  endfacet
  facet normal -1 0 0
    outer loop
      vertex 40.2 19.2 12.3179
      vertex 40.2 16.2 12.7947
      vertex 40.2 19.2 12.7947
    endloop
  endfacet
  facet normal -1 0 0
    outer loop
      vertex 40.2 13.2 14.0662
      vertex 40.2 16.2 12.7947
      vertex 40.2 13.2 12.3179
    endloop
  endfacet
  facet normal -1 0 0
    outer loop
      vertex 40.2 19.2 12.3179
      vertex 40.2 13.2 12.3179
      vertex 40.2 16.2 12.7947
    endloop
  endfacet
  facet normal -1 0 0
    outer loop
      vertex 40.2 22.2 12
      vertex 40.2 13.2 12.3179
      vertex 40.2 19.2 12.3179
    endloop
  endfacet
  facet normal -1 0 0
    outer loop
      vertex 40.2 10.2 12
      vertex 40.2 13.2 12.3179
      vertex 40.2 22.2 12
    endloop
  endfacet
  facet normal -1 -0 0
    outer loop
      vertex 40.2 13.2 12.3179
      vertex 40.2 10.2 12
      vertex 40.2 10.2 12.3179
    endloop
  endfacet
  facet normal -1 0 0
    outer loop
      vertex 40.2 16.2 12.7947
      vertex 40.2 13.2 14.0662
      vertex 40.2 16.2 14.0662
    endloop
  endfacet
  facet normal 0 -1 0
    outer loop
      vertex 40.2 13.2 12.3179
      vertex 43.2 13.2 14.0662
      vertex 40.2 13.2 14.0662
    endloop
  endfacet
  facet normal 0 -1 -0
    outer loop
      vertex 43.2 13.2 14.0662
      vertex 40.2 13.2 12.3179
      vertex 43.2 13.2 12.3179
    endloop
  endfacet
  facet normal 0 -1 0
    outer loop
      vertex 40.2 10.2 12
      vertex 43.2 10.2 12.3179
      vertex 40.2 10.2 12.3179
    endloop
  endfacet
  facet normal 0 -1 -0
    outer loop
      vertex 43.2 10.2 12.3179
      vertex 40.2 10.2 12
      vertex 43.2 10.2 12
    endloop
  endfacet
  facet normal -0 0 1
    outer loop
      vertex 40.2 16.2 14.0662
      vertex 43.2 13.2 14.0662
      vertex 43.2 16.2 14.0662
    endloop
  endfacet
  facet normal 0 0 1
    outer loop
      vertex 43.2 13.2 14.0662
      vertex 40.2 16.2 14.0662
      vertex 40.2 13.2 14.0662
    endloop
  endfacet
  facet normal 0 1 -0
    outer loop
      vertex 43.2 16.2 12.7947
      vertex 40.2 16.2 14.0662
      vertex 43.2 16.2 14.0662
    endloop
  endfacet
  facet normal 0 1 0
    outer loop
      vertex 40.2 16.2 14.0662
      vertex 43.2 16.2 12.7947
      vertex 40.2 16.2 12.7947
    endloop
  endfacet
  facet normal -0 0 1
    outer loop
      vertex 40.2 19.2 12.7947
      vertex 43.2 16.2 12.7947
      vertex 43.2 19.2 12.7947
    endloop
  endfacet
  facet normal 0 0 1
    outer loop
      vertex 43.2 16.2 12.7947
      vertex 40.2 19.2 12.7947
      vertex 40.2 16.2 12.7947
    endloop
  endfacet
  facet normal 0 1 -0
    outer loop
      vertex 43.2 19.2 12.3179
      vertex 40.2 19.2 12.7947
      vertex 43.2 19.2 12.7947
    endloop
  endfacet
  facet normal 0 1 0
    outer loop
      vertex 40.2 19.2 12.7947
      vertex 43.2 19.2 12.3179
      vertex 40.2 19.2 12.3179
    endloop
  endfacet
  facet normal -0 0 1
    outer loop
      vertex 40.2 22.2 12.3179
      vertex 43.2 19.2 12.3179
      vertex 43.2 22.2 12.3179
    endloop
  endfacet
  facet normal 0 0 1
    outer loop
      vertex 43.2 19.2 12.3179
      vertex 40.2 22.2 12.3179
      vertex 40.2 19.2 12.3179
    endloop
  endfacet
  facet normal 0 1 -0
    outer loop
      vertex 43.2 22.2 12
      vertex 40.2 22.2 12.3179
      vertex 43.2 22.2 12.3179
    endloop
  endfacet
  facet normal 0 1 0
    outer loop
      vertex 40.2 22.2 12.3179
      vertex 43.2 22.2 12
      vertex 40.2 22.2 12
    endloop
  endfacet
  facet normal 1 -0 0
    outer loop
      vertex 52.2 10.2 12.4768
      vertex 52.2 13.2 12
      vertex 52.2 13.2 12.4768
    endloop
  endfacet
  facet normal 1 0 0
    outer loop
      vertex 52.2 13.2 12
      vertex 52.2 10.2 12.4768
      vertex 52.2 10.2 12
    endloop
  endfacet
  facet normal -0 0 1
    outer loop
      vertex 49.2 13.2 12.4768
      vertex 52.2 10.2 12.4768
      vertex 52.2 13.2 12.4768
    endloop
  endfacet
  facet normal 0 0 1
    outer loop
      vertex 52.2 10.2 12.4768
      vertex 49.2 13.2 12.4768
      vertex 49.2 10.2 12.4768
    endloop
  endfacet
  facet normal 0 0 -1
    outer loop
      vertex 49.2 10.2 12
      vertex 52.2 13.2 12
      vertex 52.2 10.2 12
    endloop
  endfacet
  facet normal -0 0 -1
    outer loop
      vertex 52.2 13.2 12
      vertex 49.2 10.2 12
      vertex 49.2 13.2 12
    endloop
  endfacet
  facet normal -1 0 0
    outer loop
      vertex 49.2 10.2 12
      vertex 49.2 13.2 12.4768
      vertex 49.2 13.2 12
    endloop
  endfacet
  facet normal -1 -0 0
    outer loop
      vertex 49.2 13.2 12.4768
      vertex 49.2 10.2 12
      vertex 49.2 10.2 12.4768
    endloop
  endfacet
  facet normal 0 1 -0
    outer loop
      vertex 52.2 13.2 12
      vertex 49.2 13.2 12.4768
      vertex 52.2 13.2 12.4768
    endloop
  endfacet
  facet normal 0 1 0
    outer loop
      vertex 49.2 13.2 12.4768
      vertex 52.2 13.2 12
      vertex 49.2 13.2 12
    endloop
  endfacet
  facet normal 0 -1 0
    outer loop
      vertex 49.2 10.2 12
      vertex 52.2 10.2 12.4768
      vertex 49.2 10.2 12.4768
    endloop
  endfacet
  facet normal 0 -1 -0
    outer loop
      vertex 52.2 10.2 12.4768
      vertex 49.2 10.2 12
      vertex 52.2 10.2 12
    endloop
  endfacet
  facet normal 1 -0 0
    outer loop
      vertex 52.2 16.2 12.6358
      vertex 52.2 19.2 12.1589
      vertex 52.2 19.2 12.6358
    endloop
  endfacet
  facet normal 1 0 0
    outer loop
      vertex 52.2 19.2 12.1589
      vertex 52.2 16.2 12.6358
      vertex 52.2 16.2 12.1589
    endloop
  endfacet
  facet normal -0 0 1
    outer loop
      vertex 49.2 19.2 12.6358
      vertex 52.2 16.2 12.6358
      vertex 52.2 19.2 12.6358
    endloop
  endfacet
  facet normal 0 0 1
    outer loop
      vertex 52.2 16.2 12.6358
      vertex 49.2 19.2 12.6358
      vertex 49.2 16.2 12.6358
    endloop
  endfacet
  facet normal 0 0 -1
    outer loop
      vertex 49.2 16.2 12
      vertex 58.2 19.2 12
      vertex 58.2 16.2 12
    endloop
  endfacet
  facet normal -0 0 -1
    outer loop
      vertex 58.2 19.2 12
      vertex 49.2 16.2 12
      vertex 49.2 19.2 12
    endloop
  endfacet
  facet normal 0 0 -1
    outer loop
      vertex 58.2 16.2 12
      vertex 61.2 10.2 12
      vertex 58.2 13.2 12
    endloop
  endfacet
  facet normal 0 0 -1
    outer loop
      vertex 55.2 10.2 12
      vertex 58.2 13.2 12
      vertex 61.2 10.2 12
    endloop
  endfacet
  facet normal -0 0 -1
    outer loop
      vertex 58.2 13.2 12
      vertex 55.2 10.2 12
      vertex 55.2 13.2 12
    endloop
  endfacet
  facet normal 0 0 -1
    outer loop
      vertex 61.2 10.2 12
      vertex 58.2 16.2 12
      vertex 61.2 25.2 12
    endloop
  endfacet
  facet normal 0 0 -1
    outer loop
      vertex 58.2 19.2 12
      vertex 61.2 25.2 12
      vertex 58.2 16.2 12
    endloop
  endfacet
  facet normal -0 0 -1
    outer loop
      vertex 61.2 25.2 12
      vertex 58.2 19.2 12
      vertex 58.2 25.2 12
    endloop
  endfacet
  facet normal -1 0 0
    outer loop
      vertex 49.2 16.2 12
      vertex 49.2 19.2 12.6358
      vertex 49.2 19.2 12
    endloop
  endfacet
  facet normal -1 -0 0
    outer loop
      vertex 49.2 19.2 12.6358
      vertex 49.2 16.2 12
      vertex 49.2 16.2 12.6358
    endloop
  endfacet
  facet normal 0 1 -0
    outer loop
      vertex 58.2 19.2 12.1589
      vertex 55.2 19.2 12.3179
      vertex 58.2 19.2 12.3179
    endloop
  endfacet
  facet normal 0 1 0
    outer loop
      vertex 58.2 19.2 12.1589
      vertex 55.2 19.2 12.1589
      vertex 55.2 19.2 12.3179
    endloop
  endfacet
  facet normal 0 1 -0
    outer loop
      vertex 58.2 19.2 12
      vertex 55.2 19.2 12.1589
      vertex 58.2 19.2 12.1589
    endloop
  endfacet
  facet normal 0 1 0
    outer loop
      vertex 55.2 19.2 12.1589
      vertex 58.2 19.2 12
      vertex 52.2 19.2 12.1589
    endloop
  endfacet
  facet normal 0 1 -0
    outer loop
      vertex 52.2 19.2 12.1589
      vertex 49.2 19.2 12.6358
      vertex 52.2 19.2 12.6358
    endloop
  endfacet
  facet normal 0 1 0
    outer loop
      vertex 52.2 19.2 12.1589
      vertex 49.2 19.2 12
      vertex 49.2 19.2 12.6358
    endloop
  endfacet
  facet normal 0 1 0
    outer loop
      vertex 49.2 19.2 12
      vertex 52.2 19.2 12.1589
      vertex 58.2 19.2 12
    endloop
  endfacet
  facet normal 0 1 -0
    outer loop
      vertex 61.2 16.2 12.1589
      vertex 58.2 16.2 12.3179
      vertex 61.2 16.2 12.3179
    endloop
  endfacet
  facet normal 0 1 0
    outer loop
      vertex 58.2 16.2 12.3179
      vertex 61.2 16.2 12.1589
      vertex 58.2 16.2 12.1589
    endloop
  endfacet
  facet normal 0 -1 0
    outer loop
      vertex 49.2 16.2 12.6358
      vertex 52.2 16.2 12.1589
      vertex 52.2 16.2 12.6358
    endloop
  endfacet
  facet normal 0 -1 0
    outer loop
      vertex 58.2 16.2 12
      vertex 55.2 16.2 12.1589
      vertex 52.2 16.2 12.1589
    endloop
  endfacet
  facet normal 0 -1 0
    outer loop
      vertex 49.2 16.2 12
      vertex 52.2 16.2 12.1589
      vertex 49.2 16.2 12.6358
    endloop
  endfacet
  facet normal 0 -1 0
    outer loop
      vertex 58.2 16.2 12
      vertex 52.2 16.2 12.1589
      vertex 49.2 16.2 12
    endloop
  endfacet
  facet normal 0 -1 0
    outer loop
      vertex 55.2 16.2 12.1589
      vertex 58.2 16.2 12
      vertex 58.2 16.2 12.1589
    endloop
  endfacet
  facet normal 0 -1 0
    outer loop
      vertex 55.2 16.2 12.1589
      vertex 58.2 16.2 12.3179
      vertex 55.2 16.2 12.3179
    endloop
  endfacet
  facet normal 0 -1 -0
    outer loop
      vertex 58.2 16.2 12.3179
      vertex 55.2 16.2 12.1589
      vertex 58.2 16.2 12.1589
    endloop
  endfacet
  facet normal 1 -0 0
    outer loop
      vertex 52.2 22.2 12.1589
      vertex 52.2 25.2 12
      vertex 52.2 25.2 12.1589
    endloop
  endfacet
  facet normal 1 0 0
    outer loop
      vertex 52.2 25.2 12
      vertex 52.2 22.2 12.1589
      vertex 52.2 22.2 12
    endloop
  endfacet
  facet normal -0 0 1
    outer loop
      vertex 49.2 25.2 12.1589
      vertex 52.2 22.2 12.1589
      vertex 52.2 25.2 12.1589
    endloop
  endfacet
  facet normal 0 0 1
    outer loop
      vertex 52.2 22.2 12.1589
      vertex 49.2 25.2 12.1589
      vertex 49.2 22.2 12.1589
    endloop
  endfacet
  facet normal 0 0 -1
    outer loop
      vertex 49.2 22.2 12
      vertex 52.2 25.2 12
      vertex 52.2 22.2 12
    endloop
  endfacet
  facet normal -0 0 -1
    outer loop
      vertex 52.2 25.2 12
      vertex 49.2 22.2 12
      vertex 49.2 25.2 12
    endloop
  endfacet
  facet normal -1 0 0
    outer loop
      vertex 49.2 22.2 12
      vertex 49.2 25.2 12.1589
      vertex 49.2 25.2 12
    endloop
  endfacet
  facet normal -1 -0 0
    outer loop
      vertex 49.2 25.2 12.1589
      vertex 49.2 22.2 12
      vertex 49.2 22.2 12.1589
    endloop
  endfacet
  facet normal 0 1 -0
    outer loop
      vertex 52.2 25.2 12
      vertex 49.2 25.2 12.1589
      vertex 52.2 25.2 12.1589
    endloop
  endfacet
  facet normal 0 1 0
    outer loop
      vertex 49.2 25.2 12.1589
      vertex 52.2 25.2 12
      vertex 49.2 25.2 12
    endloop
  endfacet
  facet normal 0 -1 0
    outer loop
      vertex 49.2 22.2 12
      vertex 52.2 22.2 12.1589
      vertex 49.2 22.2 12.1589
    endloop
  endfacet
  facet normal 0 -1 -0
    outer loop
      vertex 52.2 22.2 12.1589
      vertex 49.2 22.2 12
      vertex 52.2 22.2 12
    endloop
  endfacet
  facet normal -1 0 0
    outer loop
      vertex 55.2 16.2 12.1589
      vertex 55.2 19.2 12.3179
      vertex 55.2 19.2 12.1589
    endloop
  endfacet
  facet normal -1 -0 0
    outer loop
      vertex 55.2 19.2 12.3179
      vertex 55.2 16.2 12.1589
      vertex 55.2 16.2 12.3179
    endloop
  endfacet
  facet normal -0 0 1
    outer loop
      vertex 52.2 19.2 12.1589
      vertex 55.2 16.2 12.1589
      vertex 55.2 19.2 12.1589
    endloop
  endfacet
  facet normal 0 0 1
    outer loop
      vertex 55.2 16.2 12.1589
      vertex 52.2 19.2 12.1589
      vertex 52.2 16.2 12.1589
    endloop
  endfacet
  facet normal 1 -0 0
    outer loop
      vertex 58.2 10.2 13.1126
      vertex 58.2 13.2 12.6358
      vertex 58.2 13.2 13.1126
    endloop
  endfacet
  facet normal 1 0 0
    outer loop
      vertex 58.2 13.2 12.6358
      vertex 58.2 10.2 13.1126
      vertex 58.2 10.2 12.6358
    endloop
  endfacet
  facet normal -0 0 1
    outer loop
      vertex 55.2 13.2 13.1126
      vertex 58.2 10.2 13.1126
      vertex 58.2 13.2 13.1126
    endloop
  endfacet
  facet normal 0 0 1
    outer loop
      vertex 58.2 10.2 13.1126
      vertex 55.2 13.2 13.1126
      vertex 55.2 10.2 13.1126
    endloop
  endfacet
  facet normal -1 0 0
    outer loop
      vertex 55.2 10.2 12
      vertex 55.2 13.2 13.1126
      vertex 55.2 13.2 12
    endloop
  endfacet
  facet normal -1 -0 0
    outer loop
      vertex 55.2 13.2 13.1126
      vertex 55.2 10.2 12
      vertex 55.2 10.2 13.1126
    endloop
  endfacet
  facet normal 0 1 0
    outer loop
      vertex 61.2 13.2 12.6358
      vertex 61.2 13.2 12.3179
      vertex 58.2 13.2 12.6358
    endloop
  endfacet
  facet normal 0 1 -0
    outer loop
      vertex 58.2 13.2 12.6358
      vertex 55.2 13.2 13.1126
      vertex 58.2 13.2 13.1126
    endloop
  endfacet
  facet normal 0 1 0
    outer loop
      vertex 58.2 13.2 12.3179
      vertex 58.2 13.2 12.6358
      vertex 61.2 13.2 12.3179
    endloop
  endfacet
  facet normal 0 1 0
    outer loop
      vertex 55.2 13.2 12
      vertex 58.2 13.2 12.6358
      vertex 58.2 13.2 12.3179
    endloop
  endfacet
  facet normal 0 1 0
    outer loop
      vertex 55.2 13.2 12
      vertex 58.2 13.2 12.3179
      vertex 58.2 13.2 12
    endloop
  endfacet
  facet normal 0 1 0
    outer loop
      vertex 58.2 13.2 12.6358
      vertex 55.2 13.2 12
      vertex 55.2 13.2 13.1126
    endloop
  endfacet
  facet normal 0 -1 0
    outer loop
      vertex 55.2 10.2 13.1126
      vertex 58.2 10.2 12.6358
      vertex 58.2 10.2 13.1126
    endloop
  endfacet
  facet normal 0 -1 0
    outer loop
      vertex 55.2 10.2 12
      vertex 58.2 10.2 12.6358
      vertex 55.2 10.2 13.1126
    endloop
  endfacet
  facet normal 0 -1 0
    outer loop
      vertex 61.2 10.2 12
      vertex 58.2 10.2 12.6358
      vertex 55.2 10.2 12
    endloop
  endfacet
  facet normal 0 -1 0
    outer loop
      vertex 58.2 10.2 12.6358
      vertex 61.2 10.2 12
      vertex 61.2 10.2 12.6358
    endloop
  endfacet
  facet normal 1 -0 0
    outer loop
      vertex 58.2 16.2 12.3179
      vertex 58.2 19.2 12.1589
      vertex 58.2 19.2 12.3179
    endloop
  endfacet
  facet normal 1 0 0
    outer loop
      vertex 58.2 19.2 12.1589
      vertex 58.2 16.2 12.3179
      vertex 58.2 16.2 12.1589
    endloop
  endfacet
  facet normal -0 0 1
    outer loop
      vertex 55.2 19.2 12.3179
      vertex 58.2 16.2 12.3179
      vertex 58.2 19.2 12.3179
    endloop
  endfacet
  facet normal 0 0 1
    outer loop
      vertex 58.2 16.2 12.3179
      vertex 55.2 19.2 12.3179
      vertex 55.2 16.2 12.3179
    endloop
  endfacet
  facet normal 1 0 0
    outer loop
      vertex 61.2 13.2 12.6358
      vertex 61.2 10.2 12.6358
      vertex 61.2 13.2 12.3179
    endloop
  endfacet
  facet normal 1 0 0
    outer loop
      vertex 61.2 16.2 12.3179
      vertex 61.2 13.2 12.3179
      vertex 61.2 16.2 12.1589
    endloop
  endfacet
  facet normal 1 -0 0
    outer loop
      vertex 61.2 16.2 12.1589
      vertex 61.2 25.2 12
      vertex 61.2 25.2 12.1589
    endloop
  endfacet
  facet normal 1 0 0
    outer loop
      vertex 61.2 16.2 12.1589
      vertex 61.2 10.2 12
      vertex 61.2 25.2 12
    endloop
  endfacet
  facet normal 1 0 0
    outer loop
      vertex 61.2 13.2 12.3179
      vertex 61.2 10.2 12
      vertex 61.2 16.2 12.1589
    endloop
  endfacet
  facet normal 1 0 0
    outer loop
      vertex 61.2 10.2 12
      vertex 61.2 13.2 12.3179
      vertex 61.2 10.2 12.6358
    endloop
  endfacet
  facet normal -0 0 1
    outer loop
      vertex 58.2 13.2 12.6358
      vertex 61.2 10.2 12.6358
      vertex 61.2 13.2 12.6358
    endloop
  endfacet
  facet normal 0 0 1
    outer loop
      vertex 61.2 10.2 12.6358
      vertex 58.2 13.2 12.6358
      vertex 58.2 10.2 12.6358
    endloop
  endfacet
  facet normal -0 0 1
    outer loop
      vertex 58.2 16.2 12.3179
      vertex 61.2 13.2 12.3179
      vertex 61.2 16.2 12.3179
    endloop
  endfacet
  facet normal 0 0 1
    outer loop
      vertex 61.2 13.2 12.3179
      vertex 58.2 16.2 12.3179
      vertex 58.2 13.2 12.3179
    endloop
  endfacet
  facet normal -1 0 0
    outer loop
      vertex 58.2 13.2 12
      vertex 58.2 16.2 12.1589
      vertex 58.2 16.2 12
    endloop
  endfacet
  facet normal -1 0 0
    outer loop
      vertex 58.2 13.2 12.3179
      vertex 58.2 16.2 12.1589
      vertex 58.2 13.2 12
    endloop
  endfacet
  facet normal -1 0 0
    outer loop
      vertex 58.2 16.2 12.1589
      vertex 58.2 13.2 12.3179
      vertex 58.2 16.2 12.3179
    endloop
  endfacet
  facet normal 0 0 1
    outer loop
      vertex 58.2 19.2 12.1589
      vertex 61.2 25.2 12.1589
      vertex 58.2 25.2 12.1589
    endloop
  endfacet
  facet normal 0 0 1
    outer loop
      vertex 61.2 25.2 12.1589
      vertex 58.2 19.2 12.1589
      vertex 61.2 16.2 12.1589
    endloop
  endfacet
  facet normal 0 0 1
    outer loop
      vertex 61.2 16.2 12.1589
      vertex 58.2 19.2 12.1589
      vertex 58.2 16.2 12.1589
    endloop
  endfacet
  facet normal -1 0 0
    outer loop
      vertex 58.2 19.2 12
      vertex 58.2 25.2 12.1589
      vertex 58.2 25.2 12
    endloop
  endfacet
  facet normal -1 -0 0
    outer loop
      vertex 58.2 25.2 12.1589
      vertex 58.2 19.2 12
      vertex 58.2 19.2 12.1589
    endloop
  endfacet
  facet normal 0 1 -0
    outer loop
      vertex 61.2 25.2 12
      vertex 58.2 25.2 12.1589
      vertex 61.2 25.2 12.1589
    endloop
  endfacet
  facet normal 0 1 0
    outer loop
      vertex 58.2 25.2 12.1589
      vertex 61.2 25.2 12
      vertex 58.2 25.2 12
    endloop
  endfacet
  facet normal 1 -0 0
    outer loop
      vertex 82.2 10.2 12.1589
      vertex 82.2 13.2 12
      vertex 82.2 13.2 12.1589
    endloop
  endfacet
  facet normal 1 0 0
    outer loop
      vertex 82.2 13.2 12
      vertex 82.2 10.2 12.1589
      vertex 82.2 10.2 12
    endloop
  endfacet
  facet normal -0 0 1
    outer loop
      vertex 79.2 13.2 12.1589
      vertex 82.2 10.2 12.1589
      vertex 82.2 13.2 12.1589
    endloop
  endfacet
  facet normal 0 0 1
    outer loop
      vertex 82.2 10.2 12.1589
      vertex 79.2 13.2 12.1589
      vertex 79.2 10.2 12.1589
    endloop
  endfacet
  facet normal 0 0 -1
    outer loop
      vertex 79.2 10.2 12
      vertex 82.2 13.2 12
      vertex 82.2 10.2 12
    endloop
  endfacet
  facet normal -0 0 -1
    outer loop
      vertex 82.2 13.2 12
      vertex 79.2 10.2 12
      vertex 79.2 13.2 12
    endloop
  endfacet
  facet normal -1 0 0
    outer loop
      vertex 79.2 10.2 12
      vertex 79.2 13.2 12.1589
      vertex 79.2 13.2 12
    endloop
  endfacet
  facet normal -1 -0 0
    outer loop
      vertex 79.2 13.2 12.1589
      vertex 79.2 10.2 12
      vertex 79.2 10.2 12.1589
    endloop
  endfacet
  facet normal 0 1 -0
    outer loop
      vertex 82.2 13.2 12
      vertex 79.2 13.2 12.1589
      vertex 82.2 13.2 12.1589
    endloop
  endfacet
  facet normal 0 1 0
    outer loop
      vertex 79.2 13.2 12.1589
      vertex 82.2 13.2 12
      vertex 79.2 13.2 12
    endloop
  endfacet
  facet normal 0 -1 0
    outer loop
      vertex 79.2 10.2 12
      vertex 82.2 10.2 12.1589
      vertex 79.2 10.2 12.1589
    endloop
  endfacet
  facet normal 0 -1 -0
    outer loop
      vertex 82.2 10.2 12.1589
      vertex 79.2 10.2 12
      vertex 82.2 10.2 12
    endloop
  endfacet
  facet normal 1 -0 0
    outer loop
      vertex 82.2 16.2 12.4768
      vertex 82.2 19.2 12.1589
      vertex 82.2 19.2 12.4768
    endloop
  endfacet
  facet normal 1 0 0
    outer loop
      vertex 82.2 19.2 12.1589
      vertex 82.2 16.2 12.4768
      vertex 82.2 16.2 12.1589
    endloop
  endfacet
  facet normal -1 0 0
    outer loop
      vertex 82.2 13.2 12.1589
      vertex 82.2 16.2 12.1589
      vertex 82.2 16.2 12
    endloop
  endfacet
  facet normal -1 0 0
    outer loop
      vertex 82.2 16.2 12.1589
      vertex 82.2 13.2 12.1589
      vertex 82.2 16.2 12.4768
    endloop
  endfacet
  facet normal -1 0 0
    outer loop
      vertex 82.2 13.2 12.1589
      vertex 82.2 16.2 12
      vertex 82.2 13.2 12
    endloop
  endfacet
  facet normal -1 0 0
    outer loop
      vertex 82.2 13.2 13.1126
      vertex 82.2 16.2 12.4768
      vertex 82.2 13.2 12.1589
    endloop
  endfacet
  facet normal -1 0 0
    outer loop
      vertex 82.2 16.2 12.4768
      vertex 82.2 13.2 13.1126
      vertex 82.2 16.2 13.1126
    endloop
  endfacet
  facet normal -0 0 1
    outer loop
      vertex 79.2 19.2 12.4768
      vertex 82.2 16.2 12.4768
      vertex 82.2 19.2 12.4768
    endloop
  endfacet
  facet normal 0 0 1
    outer loop
      vertex 82.2 16.2 12.4768
      vertex 79.2 19.2 12.4768
      vertex 79.2 16.2 12.4768
    endloop
  endfacet
  facet normal 0 0 -1
    outer loop
      vertex 85.2 13.2 12
      vertex 82.2 13.2 12
      vertex 85.2 16.2 12
    endloop
  endfacet
  facet normal 0 0 -1
    outer loop
      vertex 85.2 16.2 12
      vertex 88.2 19.2 12
      vertex 88.2 16.2 12
    endloop
  endfacet
  facet normal 0 0 -1
    outer loop
      vertex 82.2 16.2 12
      vertex 85.2 16.2 12
      vertex 82.2 13.2 12
    endloop
  endfacet
  facet normal 0 0 -1
    outer loop
      vertex 82.2 19.2 12
      vertex 85.2 16.2 12
      vertex 82.2 16.2 12
    endloop
  endfacet
  facet normal 0 0 -1
    outer loop
      vertex 85.2 16.2 12
      vertex 82.2 19.2 12
      vertex 88.2 19.2 12
    endloop
  endfacet
  facet normal 0 0 -1
    outer loop
      vertex 79.2 16.2 12
      vertex 82.2 19.2 12
      vertex 82.2 16.2 12
    endloop
  endfacet
  facet normal 0 0 -1
    outer loop
      vertex 79.2 22.2 12
      vertex 82.2 19.2 12
      vertex 79.2 16.2 12
    endloop
  endfacet
  facet normal 0 0 -1
    outer loop
      vertex 82.2 19.2 12
      vertex 79.2 22.2 12
      vertex 82.2 22.2 12
    endloop
  endfacet
  facet normal -1 0 0
    outer loop
      vertex 79.2 22.2 12
      vertex 79.2 19.2 12.1589
      vertex 79.2 22.2 12.1589
    endloop
  endfacet
  facet normal -1 0 0
    outer loop
      vertex 79.2 16.2 12
      vertex 79.2 19.2 12.1589
      vertex 79.2 22.2 12
    endloop
  endfacet
  facet normal -1 0 0
    outer loop
      vertex 79.2 16.2 12.4768
      vertex 79.2 19.2 12.1589
      vertex 79.2 16.2 12
    endloop
  endfacet
  facet normal -1 0 0
    outer loop
      vertex 79.2 19.2 12.1589
      vertex 79.2 16.2 12.4768
      vertex 79.2 19.2 12.4768
    endloop
  endfacet
  facet normal 0 1 -0
    outer loop
      vertex 82.2 19.2 12.1589
      vertex 79.2 19.2 12.4768
      vertex 82.2 19.2 12.4768
    endloop
  endfacet
  facet normal 0 1 0
    outer loop
      vertex 79.2 19.2 12.4768
      vertex 82.2 19.2 12.1589
      vertex 79.2 19.2 12.1589
    endloop
  endfacet
  facet normal 0 -1 0
    outer loop
      vertex 79.2 16.2 12.4768
      vertex 82.2 16.2 12.1589
      vertex 82.2 16.2 12.4768
    endloop
  endfacet
  facet normal 0 -1 0
    outer loop
      vertex 79.2 16.2 12
      vertex 82.2 16.2 12.1589
      vertex 79.2 16.2 12.4768
    endloop
  endfacet
  facet normal 0 -1 -0
    outer loop
      vertex 82.2 16.2 12.1589
      vertex 79.2 16.2 12
      vertex 82.2 16.2 12
    endloop
  endfacet
  facet normal 1 -0 0
    outer loop
      vertex 82.2 19.2 12.1589
      vertex 82.2 22.2 12
      vertex 82.2 22.2 12.1589
    endloop
  endfacet
  facet normal 1 0 0
    outer loop
      vertex 82.2 22.2 12
      vertex 82.2 19.2 12.1589
      vertex 82.2 19.2 12
    endloop
  endfacet
  facet normal -0 0 1
    outer loop
      vertex 79.2 22.2 12.1589
      vertex 82.2 19.2 12.1589
      vertex 82.2 22.2 12.1589
    endloop
  endfacet
  facet normal 0 0 1
    outer loop
      vertex 82.2 19.2 12.1589
      vertex 79.2 22.2 12.1589
      vertex 79.2 19.2 12.1589
    endloop
  endfacet
  facet normal 0 1 -0
    outer loop
      vertex 82.2 22.2 12
      vertex 79.2 22.2 12.1589
      vertex 82.2 22.2 12.1589
    endloop
  endfacet
  facet normal 0 1 0
    outer loop
      vertex 79.2 22.2 12.1589
      vertex 82.2 22.2 12
      vertex 79.2 22.2 12
    endloop
  endfacet
  facet normal -1 0 0
    outer loop
      vertex 85.2 16.2 12.1589
      vertex 85.2 19.2 12.6358
      vertex 85.2 19.2 12.1589
    endloop
  endfacet
  facet normal -1 -0 0
    outer loop
      vertex 85.2 19.2 12.6358
      vertex 85.2 16.2 12.1589
      vertex 85.2 16.2 12.6358
    endloop
  endfacet
  facet normal 1 -0 0
    outer loop
      vertex 85.2 13.2 13.1126
      vertex 85.2 16.2 12.6358
      vertex 85.2 16.2 13.1126
    endloop
  endfacet
  facet normal 1 0 0
    outer loop
      vertex 85.2 16.2 12.6358
      vertex 85.2 13.2 12.4768
      vertex 85.2 16.2 12.1589
    endloop
  endfacet
  facet normal 1 0 0
    outer loop
      vertex 85.2 16.2 12.6358
      vertex 85.2 13.2 13.1126
      vertex 85.2 13.2 12.4768
    endloop
  endfacet
  facet normal 1 0 0
    outer loop
      vertex 85.2 13.2 12
      vertex 85.2 16.2 12.1589
      vertex 85.2 13.2 12.4768
    endloop
  endfacet
  facet normal 1 0 0
    outer loop
      vertex 85.2 16.2 12.1589
      vertex 85.2 13.2 12
      vertex 85.2 16.2 12
    endloop
  endfacet
  facet normal -0 0 1
    outer loop
      vertex 82.2 16.2 13.1126
      vertex 85.2 13.2 13.1126
      vertex 85.2 16.2 13.1126
    endloop
  endfacet
  facet normal 0 0 1
    outer loop
      vertex 85.2 13.2 13.1126
      vertex 82.2 16.2 13.1126
      vertex 82.2 13.2 13.1126
    endloop
  endfacet
  facet normal 0 1 -0
    outer loop
      vertex 85.2 16.2 12.6358
      vertex 82.2 16.2 13.1126
      vertex 85.2 16.2 13.1126
    endloop
  endfacet
  facet normal 0 1 0
    outer loop
      vertex 85.2 16.2 12.6358
      vertex 82.2 16.2 12.4768
      vertex 82.2 16.2 13.1126
    endloop
  endfacet
  facet normal 0 1 -0
    outer loop
      vertex 85.2 16.2 12.1589
      vertex 82.2 16.2 12.4768
      vertex 85.2 16.2 12.6358
    endloop
  endfacet
  facet normal 0 1 0
    outer loop
      vertex 82.2 16.2 12.4768
      vertex 85.2 16.2 12.1589
      vertex 82.2 16.2 12.1589
    endloop
  endfacet
  facet normal 0 -1 0
    outer loop
      vertex 82.2 13.2 13.1126
      vertex 85.2 13.2 12.4768
      vertex 85.2 13.2 13.1126
    endloop
  endfacet
  facet normal 0 -1 0
    outer loop
      vertex 82.2 13.2 12.1589
      vertex 85.2 13.2 12.4768
      vertex 82.2 13.2 13.1126
    endloop
  endfacet
  facet normal 0 -1 0
    outer loop
      vertex 85.2 13.2 12
      vertex 82.2 13.2 12.1589
      vertex 82.2 13.2 12
    endloop
  endfacet
  facet normal 0 -1 0
    outer loop
      vertex 82.2 13.2 12.1589
      vertex 85.2 13.2 12
      vertex 85.2 13.2 12.4768
    endloop
  endfacet
  facet normal -0 0 1
    outer loop
      vertex 82.2 19.2 12.1589
      vertex 85.2 16.2 12.1589
      vertex 85.2 19.2 12.1589
    endloop
  endfacet
  facet normal 0 0 1
    outer loop
      vertex 85.2 16.2 12.1589
      vertex 82.2 19.2 12.1589
      vertex 82.2 16.2 12.1589
    endloop
  endfacet
  facet normal 0 1 -0
    outer loop
      vertex 88.2 19.2 12.1589
      vertex 85.2 19.2 12.6358
      vertex 88.2 19.2 12.6358
    endloop
  endfacet
  facet normal 0 1 0
    outer loop
      vertex 88.2 19.2 12.1589
      vertex 85.2 19.2 12.1589
      vertex 85.2 19.2 12.6358
    endloop
  endfacet
  facet normal 0 1 -0
    outer loop
      vertex 88.2 19.2 12
      vertex 85.2 19.2 12.1589
      vertex 88.2 19.2 12.1589
    endloop
  endfacet
  facet normal 0 1 0
    outer loop
      vertex 82.2 19.2 12
      vertex 85.2 19.2 12.1589
      vertex 88.2 19.2 12
    endloop
  endfacet
  facet normal 0 1 0
    outer loop
      vertex 85.2 19.2 12.1589
      vertex 82.2 19.2 12
      vertex 82.2 19.2 12.1589
    endloop
  endfacet
  facet normal 1 -0 0
    outer loop
      vertex 88.2 10.2 12.4768
      vertex 88.2 13.2 12
      vertex 88.2 13.2 12.4768
    endloop
  endfacet
  facet normal 1 0 0
    outer loop
      vertex 88.2 13.2 12
      vertex 88.2 10.2 12.4768
      vertex 88.2 10.2 12
    endloop
  endfacet
  facet normal -0 0 1
    outer loop
      vertex 85.2 13.2 12.4768
      vertex 88.2 10.2 12.4768
      vertex 88.2 13.2 12.4768
    endloop
  endfacet
  facet normal 0 0 1
    outer loop
      vertex 88.2 10.2 12.4768
      vertex 85.2 13.2 12.4768
      vertex 85.2 10.2 12.4768
    endloop
  endfacet
  facet normal 0 0 -1
    outer loop
      vertex 85.2 10.2 12
      vertex 88.2 13.2 12
      vertex 88.2 10.2 12
    endloop
  endfacet
  facet normal -0 0 -1
    outer loop
      vertex 88.2 13.2 12
      vertex 85.2 10.2 12
      vertex 85.2 13.2 12
    endloop
  endfacet
  facet normal -1 0 0
    outer loop
      vertex 85.2 10.2 12
      vertex 85.2 13.2 12.4768
      vertex 85.2 13.2 12
    endloop
  endfacet
  facet normal -1 -0 0
    outer loop
      vertex 85.2 13.2 12.4768
      vertex 85.2 10.2 12
      vertex 85.2 10.2 12.4768
    endloop
  endfacet
  facet normal 0 1 -0
    outer loop
      vertex 88.2 13.2 12
      vertex 85.2 13.2 12.4768
      vertex 88.2 13.2 12.4768
    endloop
  endfacet
  facet normal 0 1 0
    outer loop
      vertex 85.2 13.2 12.4768
      vertex 88.2 13.2 12
      vertex 85.2 13.2 12
    endloop
  endfacet
  facet normal 0 -1 0
    outer loop
      vertex 85.2 10.2 12
      vertex 88.2 10.2 12.4768
      vertex 85.2 10.2 12.4768
    endloop
  endfacet
  facet normal 0 -1 -0
    outer loop
      vertex 88.2 10.2 12.4768
      vertex 85.2 10.2 12
      vertex 88.2 10.2 12
    endloop
  endfacet
  facet normal 1 -0 0
    outer loop
      vertex 88.2 16.2 12.6358
      vertex 88.2 19.2 12.1589
      vertex 88.2 19.2 12.6358
    endloop
  endfacet
  facet normal 1 0 0
    outer loop
      vertex 88.2 16.2 12
      vertex 88.2 19.2 12.1589
      vertex 88.2 16.2 12.6358
    endloop
  endfacet
  facet normal 1 0 0
    outer loop
      vertex 88.2 19.2 12.1589
      vertex 88.2 16.2 12
      vertex 88.2 19.2 12
    endloop
  endfacet
  facet normal -0 0 1
    outer loop
      vertex 85.2 19.2 12.6358
      vertex 88.2 16.2 12.6358
      vertex 88.2 19.2 12.6358
    endloop
  endfacet
  facet normal 0 0 1
    outer loop
      vertex 88.2 16.2 12.6358
      vertex 85.2 19.2 12.6358
      vertex 85.2 16.2 12.6358
    endloop
  endfacet
  facet normal 0 -1 0
    outer loop
      vertex 85.2 16.2 12.1589
      vertex 88.2 16.2 12.6358
      vertex 85.2 16.2 12.6358
    endloop
  endfacet
  facet normal 0 -1 0
    outer loop
      vertex 88.2 16.2 12
      vertex 85.2 16.2 12.1589
      vertex 85.2 16.2 12
    endloop
  endfacet
  facet normal 0 -1 0
    outer loop
      vertex 85.2 16.2 12.1589
      vertex 88.2 16.2 12
      vertex 88.2 16.2 12.6358
    endloop
  endfacet
  facet normal 1 -0 0
    outer loop
      vertex 91.2 13.2 13.4305
      vertex 91.2 16.2 12.7947
      vertex 91.2 16.2 13.4305
    endloop
  endfacet
  facet normal 1 0 0
    outer loop
      vertex 91.2 16.2 12.7947
      vertex 91.2 13.2 13.4305
      vertex 91.2 13.2 12.3179
    endloop
  endfacet
  facet normal 1 0 0
    outer loop
      vertex 91.2 16.2 12.7947
      vertex 91.2 13.2 12.3179
      vertex 91.2 16.2 12.1589
    endloop
  endfacet
  facet normal 1 0 0
    outer loop
      vertex 91.2 16.2 12.1589
      vertex 91.2 13.2 12.3179
      vertex 91.2 13.2 12.1589
    endloop
  endfacet
  facet normal -1 0 0
    outer loop
      vertex 91.2 16.2 12.1589
      vertex 91.2 19.2 12.1589
      vertex 91.2 19.2 12
    endloop
  endfacet
  facet normal -1 0 0
    outer loop
      vertex 91.2 16.2 12.1589
      vertex 91.2 19.2 12
      vertex 91.2 16.2 12
    endloop
  endfacet
  facet normal -1 0 0
    outer loop
      vertex 91.2 19.2 12.1589
      vertex 91.2 16.2 12.1589
      vertex 91.2 19.2 12.7947
    endloop
  endfacet
  facet normal -1 -0 0
    outer loop
      vertex 91.2 19.2 12.7947
      vertex 91.2 16.2 12.1589
      vertex 91.2 16.2 12.7947
    endloop
  endfacet
  facet normal -1 0 0
    outer loop
      vertex 91.2 10.2 12
      vertex 91.2 13.2 12.1589
      vertex 91.2 13.2 12
    endloop
  endfacet
  facet normal -1 0 0
    outer loop
      vertex 91.2 10.2 12.3179
      vertex 91.2 13.2 12.1589
      vertex 91.2 10.2 12
    endloop
  endfacet
  facet normal -1 0 0
    outer loop
      vertex 91.2 13.2 12.1589
      vertex 91.2 10.2 12.3179
      vertex 91.2 13.2 12.3179
    endloop
  endfacet
  facet normal -0 0 1
    outer loop
      vertex 88.2 16.2 13.4305
      vertex 91.2 13.2 13.4305
      vertex 91.2 16.2 13.4305
    endloop
  endfacet
  facet normal 0 0 1
    outer loop
      vertex 91.2 13.2 13.4305
      vertex 88.2 16.2 13.4305
      vertex 88.2 13.2 13.4305
    endloop
  endfacet
  facet normal 0 0 -1
    outer loop
      vertex 124.2 10.2 12
      vertex 121.2 10.2 12
      vertex 124.2 13.2 12
    endloop
  endfacet
  facet normal 0 0 -1
    outer loop
      vertex 124.2 13.2 12
      vertex 127.2 16.2 12
      vertex 127.2 13.2 12
    endloop
  endfacet
  facet normal 0 0 -1
    outer loop
      vertex 121.2 13.2 12
      vertex 124.2 13.2 12
      vertex 121.2 10.2 12
    endloop
  endfacet
  facet normal 0 0 -1
    outer loop
      vertex 121.2 16.2 12
      vertex 124.2 13.2 12
      vertex 121.2 13.2 12
    endloop
  endfacet
  facet normal 0 0 -1
    outer loop
      vertex 124.2 13.2 12
      vertex 121.2 16.2 12
      vertex 127.2 16.2 12
    endloop
  endfacet
  facet normal 0 0 -1
    outer loop
      vertex 118.2 16.2 12
      vertex 121.2 16.2 12
      vertex 121.2 13.2 12
    endloop
  endfacet
  facet normal 0 0 -1
    outer loop
      vertex 118.2 16.2 12
      vertex 121.2 13.2 12
      vertex 118.2 13.2 12
    endloop
  endfacet
  facet normal 0 0 -1
    outer loop
      vertex 121.2 16.2 12
      vertex 118.2 16.2 12
      vertex 121.2 22.2 12
    endloop
  endfacet
  facet normal 0 0 -1
    outer loop
      vertex 112.2 19.2 12
      vertex 118.2 16.2 12
      vertex 112.2 16.2 12
    endloop
  endfacet
  facet normal 0 0 -1
    outer loop
      vertex 118.2 16.2 12
      vertex 112.2 19.2 12
      vertex 121.2 22.2 12
    endloop
  endfacet
  facet normal -0 0 -1
    outer loop
      vertex 121.2 22.2 12
      vertex 112.2 19.2 12
      vertex 112.2 22.2 12
    endloop
  endfacet
  facet normal 0 0 -1
    outer loop
      vertex 136.2 13.2 12
      vertex 139.2 16.2 12
      vertex 139.2 10.2 12
    endloop
  endfacet
  facet normal -0 0 -1
    outer loop
      vertex 139.2 16.2 12
      vertex 136.2 13.2 12
      vertex 139.2 19.2 12
    endloop
  endfacet
  facet normal 0 0 -1
    outer loop
      vertex 136.2 22.2 12
      vertex 139.2 19.2 12
      vertex 136.2 13.2 12
    endloop
  endfacet
  facet normal 0 0 -1
    outer loop
      vertex 139.2 10.2 12
      vertex 130.2 13.2 12
      vertex 136.2 13.2 12
    endloop
  endfacet
  facet normal 0 0 -1
    outer loop
      vertex 127.2 10.2 12
      vertex 130.2 13.2 12
      vertex 139.2 10.2 12
    endloop
  endfacet
  facet normal 0 0 -1
    outer loop
      vertex 127.2 13.2 12
      vertex 130.2 13.2 12
      vertex 127.2 10.2 12
    endloop
  endfacet
  facet normal 0 0 -1
    outer loop
      vertex 127.2 16.2 12
      vertex 130.2 13.2 12
      vertex 127.2 13.2 12
    endloop
  endfacet
  facet normal 0 0 -1
    outer loop
      vertex 130.2 13.2 12
      vertex 127.2 16.2 12
      vertex 130.2 19.2 12
    endloop
  endfacet
  facet normal -0 0 -1
    outer loop
      vertex 130.2 19.2 12
      vertex 127.2 16.2 12
      vertex 127.2 19.2 12
    endloop
  endfacet
  facet normal 0 0 -1
    outer loop
      vertex 139.2 16.2 12
      vertex 142.2 19.2 12
      vertex 142.2 16.2 12
    endloop
  endfacet
  facet normal -0 0 -1
    outer loop
      vertex 142.2 19.2 12
      vertex 139.2 16.2 12
      vertex 139.2 19.2 12
    endloop
  endfacet
  facet normal 0 0 -1
    outer loop
      vertex 151.2 13.2 12
      vertex 160.2 13.2 12
      vertex 160.2 10.2 12
    endloop
  endfacet
  facet normal 0 0 -1
    outer loop
      vertex 160.2 13.2 12
      vertex 154.2 19.2 12
      vertex 160.2 19.2 12
    endloop
  endfacet
  facet normal 0 0 -1
    outer loop
      vertex 154.2 22.2 12
      vertex 160.2 19.2 12
      vertex 154.2 19.2 12
    endloop
  endfacet
  facet normal 0 0 -1
    outer loop
      vertex 160.2 13.2 12
      vertex 151.2 13.2 12
      vertex 154.2 19.2 12
    endloop
  endfacet
  facet normal 0 0 -1
    outer loop
      vertex 145.2 10.2 12
      vertex 151.2 13.2 12
      vertex 160.2 10.2 12
    endloop
  endfacet
  facet normal -0 0 -1
    outer loop
      vertex 151.2 13.2 12
      vertex 145.2 10.2 12
      vertex 148.2 13.2 12
    endloop
  endfacet
  facet normal 0 0 -1
    outer loop
      vertex 145.2 13.2 12
      vertex 148.2 13.2 12
      vertex 145.2 10.2 12
    endloop
  endfacet
  facet normal 0 0 -1
    outer loop
      vertex 148.2 13.2 12
      vertex 145.2 13.2 12
      vertex 148.2 22.2 12
    endloop
  endfacet
  facet normal 0 0 -1
    outer loop
      vertex 145.2 13.2 12
      vertex 145.2 22.2 12
      vertex 148.2 22.2 12
    endloop
  endfacet
  facet normal 0 0 -1
    outer loop
      vertex 142.2 19.2 12
      vertex 145.2 22.2 12
      vertex 145.2 13.2 12
    endloop
  endfacet
  facet normal 0 0 -1
    outer loop
      vertex 142.2 16.2 12
      vertex 145.2 13.2 12
      vertex 142.2 13.2 12
    endloop
  endfacet
  facet normal 0 0 -1
    outer loop
      vertex 142.2 19.2 12
      vertex 145.2 13.2 12
      vertex 142.2 16.2 12
    endloop
  endfacet
  facet normal 0 0 -1
    outer loop
      vertex 142.2 22.2 12
      vertex 145.2 22.2 12
      vertex 142.2 19.2 12
    endloop
  endfacet
  facet normal 0 0 -1
    outer loop
      vertex 145.2 22.2 12
      vertex 142.2 22.2 12
      vertex 145.2 25.2 12
    endloop
  endfacet
  facet normal 0 0 -1
    outer loop
      vertex 139.2 25.2 12
      vertex 142.2 22.2 12
      vertex 139.2 22.2 12
    endloop
  endfacet
  facet normal 0 0 -1
    outer loop
      vertex 142.2 22.2 12
      vertex 139.2 25.2 12
      vertex 145.2 25.2 12
    endloop
  endfacet
  facet normal 0 0 -1
    outer loop
      vertex 169.2 13.2 12
      vertex 166.2 16.2 12
      vertex 169.2 16.2 12
    endloop
  endfacet
  facet normal 0 0 -1
    outer loop
      vertex 160.2 13.2 12
      vertex 166.2 16.2 12
      vertex 169.2 13.2 12
    endloop
  endfacet
  facet normal 0 0 -1
    outer loop
      vertex 160.2 19.2 12
      vertex 166.2 16.2 12
      vertex 160.2 13.2 12
    endloop
  endfacet
  facet normal 0 0 -1
    outer loop
      vertex 166.2 16.2 12
      vertex 160.2 19.2 12
      vertex 166.2 19.2 12
    endloop
  endfacet
  facet normal 0 0 -1
    outer loop
      vertex 160.2 19.2 12
      vertex 154.2 22.2 12
      vertex 160.2 25.2 12
    endloop
  endfacet
  facet normal 0 0 -1
    outer loop
      vertex 151.2 25.2 12
      vertex 154.2 22.2 12
      vertex 151.2 22.2 12
    endloop
  endfacet
  facet normal 0 0 -1
    outer loop
      vertex 154.2 22.2 12
      vertex 151.2 25.2 12
      vertex 160.2 25.2 12
    endloop
  endfacet
  facet normal -0 0 -1
    outer loop
      vertex 154.2 19.2 12
      vertex 151.2 13.2 12
      vertex 151.2 19.2 12
    endloop
  endfacet
  facet normal 0 0 -1
    outer loop
      vertex 139.2 19.2 12
      vertex 136.2 22.2 12
      vertex 139.2 22.2 12
    endloop
  endfacet
  facet normal 0 0 -1
    outer loop
      vertex 88.2 13.2 12
      vertex 91.2 16.2 12
      vertex 91.2 13.2 12
    endloop
  endfacet
  facet normal -0 0 -1
    outer loop
      vertex 91.2 16.2 12
      vertex 88.2 13.2 12
      vertex 88.2 16.2 12
    endloop
  endfacet
  facet normal 0 0 -1
    outer loop
      vertex 94.2 19.2 12
      vertex 97.2 13.2 12
      vertex 94.2 13.2 12
    endloop
  endfacet
  facet normal 0 0 -1
    outer loop
      vertex 97.2 13.2 12
      vertex 94.2 19.2 12
      vertex 97.2 22.2 12
    endloop
  endfacet
  facet normal -0 0 -1
    outer loop
      vertex 97.2 22.2 12
      vertex 94.2 19.2 12
      vertex 94.2 22.2 12
    endloop
  endfacet
  facet normal 0 0 -1
    outer loop
      vertex 91.2 13.2 12
      vertex 94.2 13.2 12
      vertex 94.2 10.2 12
    endloop
  endfacet
  facet normal 0 0 -1
    outer loop
      vertex 91.2 13.2 12
      vertex 94.2 10.2 12
      vertex 91.2 10.2 12
    endloop
  endfacet
  facet normal 0 0 -1
    outer loop
      vertex 91.2 16.2 12
      vertex 94.2 13.2 12
      vertex 91.2 13.2 12
    endloop
  endfacet
  facet normal 0 0 -1
    outer loop
      vertex 94.2 13.2 12
      vertex 91.2 16.2 12
      vertex 94.2 19.2 12
    endloop
  endfacet
  facet normal -0 0 -1
    outer loop
      vertex 94.2 19.2 12
      vertex 91.2 16.2 12
      vertex 91.2 19.2 12
    endloop
  endfacet
  facet normal 0 0 -1
    outer loop
      vertex 115.2 10.2 12
      vertex 112.2 13.2 12
      vertex 115.2 13.2 12
    endloop
  endfacet
  facet normal 0 0 -1
    outer loop
      vertex 109.2 16.2 12
      vertex 112.2 16.2 12
      vertex 112.2 13.2 12
    endloop
  endfacet
  facet normal 0 0 -1
    outer loop
      vertex 109.2 16.2 12
      vertex 112.2 13.2 12
      vertex 109.2 13.2 12
    endloop
  endfacet
  facet normal 0 0 -1
    outer loop
      vertex 115.2 10.2 12
      vertex 109.2 13.2 12
      vertex 112.2 13.2 12
    endloop
  endfacet
  facet normal 0 0 -1
    outer loop
      vertex 115.2 10.2 12
      vertex 106.2 13.2 12
      vertex 109.2 13.2 12
    endloop
  endfacet
  facet normal 0 0 -1
    outer loop
      vertex 103.2 16.2 12
      vertex 106.2 16.2 12
      vertex 106.2 13.2 12
    endloop
  endfacet
  facet normal 0 0 -1
    outer loop
      vertex 106.2 16.2 12
      vertex 103.2 16.2 12
      vertex 106.2 19.2 12
    endloop
  endfacet
  facet normal 0 0 -1
    outer loop
      vertex 106.2 13.2 12
      vertex 100.2 16.2 12
      vertex 103.2 16.2 12
    endloop
  endfacet
  facet normal 0 0 -1
    outer loop
      vertex 97.2 13.2 12
      vertex 100.2 16.2 12
      vertex 97.2 10.2 12
    endloop
  endfacet
  facet normal -0 0 -1
    outer loop
      vertex 106.2 13.2 12
      vertex 97.2 10.2 12
      vertex 100.2 16.2 12
    endloop
  endfacet
  facet normal 0 0 -1
    outer loop
      vertex 97.2 10.2 12
      vertex 106.2 13.2 12
      vertex 115.2 10.2 12
    endloop
  endfacet
  facet normal 0 0 -1
    outer loop
      vertex 112.2 16.2 12
      vertex 109.2 16.2 12
      vertex 112.2 19.2 12
    endloop
  endfacet
  facet normal 0 0 -1
    outer loop
      vertex 109.2 16.2 12
      vertex 109.2 19.2 12
      vertex 112.2 19.2 12
    endloop
  endfacet
  facet normal 0 0 -1
    outer loop
      vertex 106.2 19.2 12
      vertex 109.2 19.2 12
      vertex 109.2 16.2 12
    endloop
  endfacet
  facet normal 0 0 -1
    outer loop
      vertex 106.2 19.2 12
      vertex 109.2 16.2 12
      vertex 106.2 16.2 12
    endloop
  endfacet
  facet normal 0 0 -1
    outer loop
      vertex 106.2 22.2 12
      vertex 109.2 19.2 12
      vertex 106.2 19.2 12
    endloop
  endfacet
  facet normal 0 0 -1
    outer loop
      vertex 109.2 19.2 12
      vertex 106.2 22.2 12
      vertex 109.2 25.2 12
    endloop
  endfacet
  facet normal 0 0 -1
    outer loop
      vertex 103.2 22.2 12
      vertex 109.2 25.2 12
      vertex 106.2 22.2 12
    endloop
  endfacet
  facet normal -0 0 -1
    outer loop
      vertex 100.2 16.2 12
      vertex 97.2 13.2 12
      vertex 100.2 19.2 12
    endloop
  endfacet
  facet normal 0 0 -1
    outer loop
      vertex 97.2 22.2 12
      vertex 100.2 19.2 12
      vertex 97.2 13.2 12
    endloop
  endfacet
  facet normal 0 0 -1
    outer loop
      vertex 97.2 22.2 12
      vertex 103.2 22.2 12
      vertex 100.2 19.2 12
    endloop
  endfacet
  facet normal 0 0 -1
    outer loop
      vertex 97.2 25.2 12
      vertex 103.2 22.2 12
      vertex 97.2 22.2 12
    endloop
  endfacet
  facet normal 0 0 -1
    outer loop
      vertex 103.2 22.2 12
      vertex 97.2 25.2 12
      vertex 109.2 25.2 12
    endloop
  endfacet
  facet normal -0 0 -1
    outer loop
      vertex 106.2 19.2 12
      vertex 103.2 16.2 12
      vertex 103.2 19.2 12
    endloop
  endfacet
  facet normal 0 0 -1
    outer loop
      vertex 103.2 19.2 12
      vertex 100.2 19.2 12
      vertex 103.2 22.2 12
    endloop
  endfacet
  facet normal -1 0 0
    outer loop
      vertex 88.2 13.2 12.4768
      vertex 88.2 16.2 12.6358
      vertex 88.2 16.2 12
    endloop
  endfacet
  facet normal -1 0 0
    outer loop
      vertex 88.2 13.2 12.4768
      vertex 88.2 16.2 12
      vertex 88.2 13.2 12
    endloop
  endfacet
  facet normal -1 0 0
    outer loop
      vertex 88.2 13.2 13.4305
      vertex 88.2 16.2 12.6358
      vertex 88.2 13.2 12.4768
    endloop
  endfacet
  facet normal -1 0 0
    outer loop
      vertex 88.2 16.2 12.6358
      vertex 88.2 13.2 13.4305
      vertex 88.2 16.2 13.4305
    endloop
  endfacet
  facet normal 0 1 -0
    outer loop
      vertex 91.2 16.2 12.7947
      vertex 88.2 16.2 13.4305
      vertex 91.2 16.2 13.4305
    endloop
  endfacet
  facet normal 0 1 0
    outer loop
      vertex 91.2 16.2 12.7947
      vertex 88.2 16.2 12.6358
      vertex 88.2 16.2 13.4305
    endloop
  endfacet
  facet normal 0 1 -0
    outer loop
      vertex 91.2 16.2 12.1589
      vertex 88.2 16.2 12.6358
      vertex 91.2 16.2 12.7947
    endloop
  endfacet
  facet normal 0 1 0
    outer loop
      vertex 88.2 16.2 12
      vertex 91.2 16.2 12.1589
      vertex 91.2 16.2 12
    endloop
  endfacet
  facet normal 0 1 0
    outer loop
      vertex 91.2 16.2 12.1589
      vertex 88.2 16.2 12
      vertex 88.2 16.2 12.6358
    endloop
  endfacet
  facet normal 0 -1 0
    outer loop
      vertex 88.2 13.2 12.4768
      vertex 91.2 13.2 13.4305
      vertex 88.2 13.2 13.4305
    endloop
  endfacet
  facet normal 0 -1 0
    outer loop
      vertex 88.2 13.2 12.4768
      vertex 91.2 13.2 12.3179
      vertex 91.2 13.2 13.4305
    endloop
  endfacet
  facet normal 0 -1 0
    outer loop
      vertex 88.2 13.2 12.4768
      vertex 91.2 13.2 12.1589
      vertex 91.2 13.2 12.3179
    endloop
  endfacet
  facet normal 0 -1 0
    outer loop
      vertex 88.2 13.2 12
      vertex 91.2 13.2 12.1589
      vertex 88.2 13.2 12.4768
    endloop
  endfacet
  facet normal 0 -1 -0
    outer loop
      vertex 91.2 13.2 12.1589
      vertex 88.2 13.2 12
      vertex 91.2 13.2 12
    endloop
  endfacet
  facet normal 1 -0 0
    outer loop
      vertex 91.2 19.2 12.1589
      vertex 91.2 22.2 12
      vertex 91.2 22.2 12.1589
    endloop
  endfacet
  facet normal 1 0 0
    outer loop
      vertex 91.2 22.2 12
      vertex 91.2 19.2 12.1589
      vertex 91.2 19.2 12
    endloop
  endfacet
  facet normal -0 0 1
    outer loop
      vertex 88.2 22.2 12.1589
      vertex 91.2 19.2 12.1589
      vertex 91.2 22.2 12.1589
    endloop
  endfacet
  facet normal 0 0 1
    outer loop
      vertex 91.2 19.2 12.1589
      vertex 88.2 22.2 12.1589
      vertex 88.2 19.2 12.1589
    endloop
  endfacet
  facet normal 0 0 -1
    outer loop
      vertex 88.2 19.2 12
      vertex 91.2 22.2 12
      vertex 91.2 19.2 12
    endloop
  endfacet
  facet normal -0 0 -1
    outer loop
      vertex 91.2 22.2 12
      vertex 88.2 19.2 12
      vertex 88.2 22.2 12
    endloop
  endfacet
  facet normal -1 0 0
    outer loop
      vertex 88.2 19.2 12
      vertex 88.2 22.2 12.1589
      vertex 88.2 22.2 12
    endloop
  endfacet
  facet normal -1 -0 0
    outer loop
      vertex 88.2 22.2 12.1589
      vertex 88.2 19.2 12
      vertex 88.2 19.2 12.1589
    endloop
  endfacet
  facet normal 0 1 -0
    outer loop
      vertex 91.2 22.2 12
      vertex 88.2 22.2 12.1589
      vertex 91.2 22.2 12.1589
    endloop
  endfacet
  facet normal 0 1 0
    outer loop
      vertex 88.2 22.2 12.1589
      vertex 91.2 22.2 12
      vertex 88.2 22.2 12
    endloop
  endfacet
  facet normal 0 -1 0
    outer loop
      vertex 88.2 19.2 12
      vertex 91.2 19.2 12.1589
      vertex 88.2 19.2 12.1589
    endloop
  endfacet
  facet normal 0 -1 -0
    outer loop
      vertex 91.2 19.2 12.1589
      vertex 88.2 19.2 12
      vertex 91.2 19.2 12
    endloop
  endfacet
  facet normal -1 0 0
    outer loop
      vertex 94.2 13.2 12.3179
      vertex 94.2 16.2 12.6358
      vertex 94.2 16.2 12.1589
    endloop
  endfacet
  facet normal -1 -0 0
    outer loop
      vertex 94.2 16.2 12.6358
      vertex 94.2 13.2 12.3179
      vertex 94.2 16.2 12.7947
    endloop
  endfacet
  facet normal -1 0 0
    outer loop
      vertex 94.2 13.2 12.3179
      vertex 94.2 16.2 12.1589
      vertex 94.2 13.2 12.1589
    endloop
  endfacet
  facet normal -1 0 0
    outer loop
      vertex 94.2 13.2 13.2715
      vertex 94.2 16.2 12.7947
      vertex 94.2 13.2 12.3179
    endloop
  endfacet
  facet normal -1 0 0
    outer loop
      vertex 94.2 16.2 12.7947
      vertex 94.2 13.2 13.2715
      vertex 94.2 16.2 13.2715
    endloop
  endfacet
  facet normal 1 -0 0
    outer loop
      vertex 94.2 10.2 12.3179
      vertex 94.2 13.2 12.1589
      vertex 94.2 13.2 12.3179
    endloop
  endfacet
  facet normal 1 0 0
    outer loop
      vertex 94.2 10.2 12
      vertex 94.2 13.2 12.1589
      vertex 94.2 10.2 12.3179
    endloop
  endfacet
  facet normal 1 0 0
    outer loop
      vertex 94.2 13.2 12.1589
      vertex 94.2 10.2 12
      vertex 94.2 13.2 12
    endloop
  endfacet
  facet normal 1 -0 0
    outer loop
      vertex 94.2 16.2 12.7947
      vertex 94.2 19.2 12.6358
      vertex 94.2 19.2 12.7947
    endloop
  endfacet
  facet normal 1 0 0
    outer loop
      vertex 94.2 19.2 12.6358
      vertex 94.2 16.2 12.7947
      vertex 94.2 16.2 12.6358
    endloop
  endfacet
  facet normal -0 0 1
    outer loop
      vertex 91.2 13.2 12.3179
      vertex 94.2 10.2 12.3179
      vertex 94.2 13.2 12.3179
    endloop
  endfacet
  facet normal 0 0 1
    outer loop
      vertex 94.2 10.2 12.3179
      vertex 91.2 13.2 12.3179
      vertex 91.2 10.2 12.3179
    endloop
  endfacet
  facet normal 0 1 -0
    outer loop
      vertex 94.2 13.2 12.1589
      vertex 91.2 13.2 12.3179
      vertex 94.2 13.2 12.3179
    endloop
  endfacet
  facet normal 0 1 0
    outer loop
      vertex 91.2 13.2 12.3179
      vertex 94.2 13.2 12.1589
      vertex 91.2 13.2 12.1589
    endloop
  endfacet
  facet normal 0 -1 0
    outer loop
      vertex 91.2 10.2 12
      vertex 94.2 10.2 12.3179
      vertex 91.2 10.2 12.3179
    endloop
  endfacet
  facet normal 0 -1 -0
    outer loop
      vertex 94.2 10.2 12.3179
      vertex 91.2 10.2 12
      vertex 94.2 10.2 12
    endloop
  endfacet
  facet normal -0 0 1
    outer loop
      vertex 91.2 16.2 12.1589
      vertex 94.2 13.2 12.1589
      vertex 94.2 16.2 12.1589
    endloop
  endfacet
  facet normal 0 0 1
    outer loop
      vertex 94.2 13.2 12.1589
      vertex 91.2 16.2 12.1589
      vertex 91.2 13.2 12.1589
    endloop
  endfacet
  facet normal 0 -1 0
    outer loop
      vertex 91.2 16.2 12.7947
      vertex 94.2 16.2 12.6358
      vertex 94.2 16.2 12.7947
    endloop
  endfacet
  facet normal 0 -1 0
    outer loop
      vertex 91.2 16.2 12.1589
      vertex 94.2 16.2 12.6358
      vertex 91.2 16.2 12.7947
    endloop
  endfacet
  facet normal 0 -1 -0
    outer loop
      vertex 94.2 16.2 12.6358
      vertex 91.2 16.2 12.1589
      vertex 94.2 16.2 12.1589
    endloop
  endfacet
  facet normal -0 0 1
    outer loop
      vertex 91.2 19.2 12.7947
      vertex 94.2 16.2 12.7947
      vertex 94.2 19.2 12.7947
    endloop
  endfacet
  facet normal 0 0 1
    outer loop
      vertex 94.2 16.2 12.7947
      vertex 91.2 19.2 12.7947
      vertex 91.2 16.2 12.7947
    endloop
  endfacet
  facet normal 0 1 -0
    outer loop
      vertex 94.2 19.2 12.6358
      vertex 91.2 19.2 12.7947
      vertex 94.2 19.2 12.7947
    endloop
  endfacet
  facet normal 0 1 0
    outer loop
      vertex 94.2 19.2 12.6358
      vertex 91.2 19.2 12.1589
      vertex 91.2 19.2 12.7947
    endloop
  endfacet
  facet normal 0 1 -0
    outer loop
      vertex 94.2 19.2 12
      vertex 91.2 19.2 12.1589
      vertex 94.2 19.2 12.6358
    endloop
  endfacet
  facet normal 0 1 0
    outer loop
      vertex 91.2 19.2 12.1589
      vertex 94.2 19.2 12
      vertex 91.2 19.2 12
    endloop
  endfacet
  facet normal 1 -0 0
    outer loop
      vertex 94.2 22.2 12.4768
      vertex 94.2 25.2 12
      vertex 94.2 25.2 12.4768
    endloop
  endfacet
  facet normal 1 0 0
    outer loop
      vertex 94.2 25.2 12
      vertex 94.2 22.2 12.4768
      vertex 94.2 22.2 12
    endloop
  endfacet
  facet normal -0 0 1
    outer loop
      vertex 91.2 25.2 12.4768
      vertex 94.2 22.2 12.4768
      vertex 94.2 25.2 12.4768
    endloop
  endfacet
  facet normal 0 0 1
    outer loop
      vertex 94.2 22.2 12.4768
      vertex 91.2 25.2 12.4768
      vertex 91.2 22.2 12.4768
    endloop
  endfacet
  facet normal 0 0 -1
    outer loop
      vertex 91.2 22.2 12
      vertex 94.2 25.2 12
      vertex 94.2 22.2 12
    endloop
  endfacet
  facet normal -0 0 -1
    outer loop
      vertex 94.2 25.2 12
      vertex 91.2 22.2 12
      vertex 91.2 25.2 12
    endloop
  endfacet
  facet normal -1 0 0
    outer loop
      vertex 91.2 22.2 12.1589
      vertex 91.2 25.2 12
      vertex 91.2 22.2 12
    endloop
  endfacet
  facet normal -1 0 0
    outer loop
      vertex 91.2 25.2 12
      vertex 91.2 22.2 12.1589
      vertex 91.2 25.2 12.4768
    endloop
  endfacet
  facet normal -1 -0 0
    outer loop
      vertex 91.2 25.2 12.4768
      vertex 91.2 22.2 12.1589
      vertex 91.2 22.2 12.4768
    endloop
  endfacet
  facet normal 0 1 -0
    outer loop
      vertex 94.2 25.2 12
      vertex 91.2 25.2 12.4768
      vertex 94.2 25.2 12.4768
    endloop
  endfacet
  facet normal 0 1 0
    outer loop
      vertex 91.2 25.2 12.4768
      vertex 94.2 25.2 12
      vertex 91.2 25.2 12
    endloop
  endfacet
  facet normal 0 -1 0
    outer loop
      vertex 91.2 22.2 12.1589
      vertex 94.2 22.2 12.4768
      vertex 91.2 22.2 12.4768
    endloop
  endfacet
  facet normal 0 -1 0
    outer loop
      vertex 94.2 22.2 12
      vertex 91.2 22.2 12.1589
      vertex 91.2 22.2 12
    endloop
  endfacet
  facet normal 0 -1 0
    outer loop
      vertex 91.2 22.2 12.1589
      vertex 94.2 22.2 12
      vertex 94.2 22.2 12.4768
    endloop
  endfacet
  facet normal -1 0 0
    outer loop
      vertex 97.2 16.2 13.2715
      vertex 97.2 19.2 12.6358
      vertex 97.2 16.2 12.6358
    endloop
  endfacet
  facet normal -1 0 0
    outer loop
      vertex 97.2 19.2 12.6358
      vertex 97.2 16.2 13.2715
      vertex 97.2 19.2 13.5894
    endloop
  endfacet
  facet normal -1 0 0
    outer loop
      vertex 97.2 16.2 13.2715
      vertex 97.2 16.2 13.5894
      vertex 97.2 19.2 13.5894
    endloop
  endfacet
  facet normal -1 0 0
    outer loop
      vertex 97.2 13.2 13.5894
      vertex 97.2 16.2 13.5894
      vertex 97.2 16.2 13.2715
    endloop
  endfacet
  facet normal -1 0 0
    outer loop
      vertex 97.2 13.2 13.5894
      vertex 97.2 16.2 13.2715
      vertex 97.2 13.2 13.2715
    endloop
  endfacet
  facet normal -1 0 0
    outer loop
      vertex 97.2 16.2 13.5894
      vertex 97.2 13.2 13.5894
      vertex 97.2 16.2 13.9073
    endloop
  endfacet
  facet normal -1 -0 0
    outer loop
      vertex 97.2 16.2 13.9073
      vertex 97.2 13.2 13.5894
      vertex 97.2 13.2 13.9073
    endloop
  endfacet
  facet normal -1 0 0
    outer loop
      vertex 97.2 10.2 12
      vertex 97.2 13.2 13.2715
      vertex 97.2 13.2 12
    endloop
  endfacet
  facet normal -1 0 0
    outer loop
      vertex 97.2 10.2 13.5894
      vertex 97.2 13.2 13.2715
      vertex 97.2 10.2 12
    endloop
  endfacet
  facet normal -1 0 0
    outer loop
      vertex 97.2 13.2 13.2715
      vertex 97.2 10.2 13.5894
      vertex 97.2 13.2 13.5894
    endloop
  endfacet
  facet normal -0 0 1
    outer loop
      vertex 94.2 16.2 13.2715
      vertex 97.2 13.2 13.2715
      vertex 97.2 16.2 13.2715
    endloop
  endfacet
  facet normal 0 0 1
    outer loop
      vertex 97.2 13.2 13.2715
      vertex 94.2 16.2 13.2715
      vertex 94.2 13.2 13.2715
    endloop
  endfacet
  facet normal 0 1 0
    outer loop
      vertex 97.2 16.2 13.2715
      vertex 94.2 16.2 12.7947
      vertex 94.2 16.2 13.2715
    endloop
  endfacet
  facet normal 0 1 -0
    outer loop
      vertex 97.2 16.2 12.6358
      vertex 94.2 16.2 12.7947
      vertex 97.2 16.2 13.2715
    endloop
  endfacet
  facet normal 0 1 0
    outer loop
      vertex 94.2 16.2 12.7947
      vertex 97.2 16.2 12.6358
      vertex 94.2 16.2 12.6358
    endloop
  endfacet
  facet normal 0 -1 0
    outer loop
      vertex 94.2 13.2 12.3179
      vertex 97.2 13.2 13.2715
      vertex 94.2 13.2 13.2715
    endloop
  endfacet
  facet normal 0 -1 0
    outer loop
      vertex 97.2 13.2 12
      vertex 94.2 13.2 12.3179
      vertex 94.2 13.2 12.1589
    endloop
  endfacet
  facet normal 0 -1 0
    outer loop
      vertex 97.2 13.2 12
      vertex 94.2 13.2 12.1589
      vertex 94.2 13.2 12
    endloop
  endfacet
  facet normal 0 -1 0
    outer loop
      vertex 94.2 13.2 12.3179
      vertex 97.2 13.2 12
      vertex 97.2 13.2 13.2715
    endloop
  endfacet
  facet normal 0 0 1
    outer loop
      vertex 103.2 22.2 12.6358
      vertex 100.2 19.2 12.6358
      vertex 103.2 19.2 12.6358
    endloop
  endfacet
  facet normal 0 0 1
    outer loop
      vertex 103.2 22.2 12.6358
      vertex 97.2 19.2 12.6358
      vertex 100.2 19.2 12.6358
    endloop
  endfacet
  facet normal -0 0 1
    outer loop
      vertex 94.2 22.2 12.6358
      vertex 97.2 19.2 12.6358
      vertex 103.2 22.2 12.6358
    endloop
  endfacet
  facet normal 0 0 1
    outer loop
      vertex 94.2 19.2 12.6358
      vertex 97.2 19.2 12.6358
      vertex 94.2 22.2 12.6358
    endloop
  endfacet
  facet normal 0 0 1
    outer loop
      vertex 97.2 19.2 12.6358
      vertex 94.2 19.2 12.6358
      vertex 97.2 16.2 12.6358
    endloop
  endfacet
  facet normal 0 0 1
    outer loop
      vertex 97.2 16.2 12.6358
      vertex 94.2 19.2 12.6358
      vertex 94.2 16.2 12.6358
    endloop
  endfacet
  facet normal -1 0 0
    outer loop
      vertex 97.2 22.2 12
      vertex 97.2 25.2 12.3179
      vertex 97.2 25.2 12
    endloop
  endfacet
  facet normal -1 -0 0
    outer loop
      vertex 97.2 25.2 12.3179
      vertex 97.2 22.2 12
      vertex 97.2 22.2 12.3179
    endloop
  endfacet
  facet normal -1 0 0
    outer loop
      vertex 94.2 19.2 12
      vertex 94.2 22.2 12.4768
      vertex 94.2 22.2 12
    endloop
  endfacet
  facet normal -1 0 0
    outer loop
      vertex 94.2 19.2 12.6358
      vertex 94.2 22.2 12.4768
      vertex 94.2 19.2 12
    endloop
  endfacet
  facet normal -1 0 0
    outer loop
      vertex 94.2 22.2 12.4768
      vertex 94.2 19.2 12.6358
      vertex 94.2 22.2 12.6358
    endloop
  endfacet
  facet normal 0 1 0
    outer loop
      vertex 100.2 22.2 12.3179
      vertex 103.2 22.2 12.6358
      vertex 103.2 22.2 12.4768
    endloop
  endfacet
  facet normal 0 1 0
    outer loop
      vertex 103.2 22.2 12.6358
      vertex 100.2 22.2 12.3179
      vertex 94.2 22.2 12.6358
    endloop
  endfacet
  facet normal 0 1 -0
    outer loop
      vertex 97.2 22.2 12.3179
      vertex 94.2 22.2 12.6358
      vertex 100.2 22.2 12.3179
    endloop
  endfacet
  facet normal 0 1 -0
    outer loop
      vertex 103.2 22.2 12.1589
      vertex 100.2 22.2 12.3179
      vertex 103.2 22.2 12.4768
    endloop
  endfacet
  facet normal 0 1 0
    outer loop
      vertex 100.2 22.2 12.3179
      vertex 103.2 22.2 12.1589
      vertex 100.2 22.2 12.1589
    endloop
  endfacet
  facet normal 0 1 0
    outer loop
      vertex 94.2 22.2 12.6358
      vertex 97.2 22.2 12.3179
      vertex 94.2 22.2 12.4768
    endloop
  endfacet
  facet normal 0 1 0
    outer loop
      vertex 94.2 22.2 12
      vertex 97.2 22.2 12.3179
      vertex 97.2 22.2 12
    endloop
  endfacet
  facet normal 0 1 0
    outer loop
      vertex 97.2 22.2 12.3179
      vertex 94.2 22.2 12
      vertex 94.2 22.2 12.4768
    endloop
  endfacet
  facet normal 0 -1 0
    outer loop
      vertex 103.2 22.2 12
      vertex 106.2 22.2 12.1589
      vertex 103.2 22.2 12.1589
    endloop
  endfacet
  facet normal 0 -1 -0
    outer loop
      vertex 106.2 22.2 12.1589
      vertex 103.2 22.2 12
      vertex 106.2 22.2 12
    endloop
  endfacet
  facet normal 0 -1 0
    outer loop
      vertex 103.2 22.2 12.4768
      vertex 106.2 22.2 12.3179
      vertex 106.2 22.2 12.4768
    endloop
  endfacet
  facet normal 0 -1 0
    outer loop
      vertex 103.2 22.2 12.1589
      vertex 106.2 22.2 12.3179
      vertex 103.2 22.2 12.4768
    endloop
  endfacet
  facet normal 0 -1 0
    outer loop
      vertex 106.2 22.2 12.1589
      vertex 106.2 22.2 12.3179
      vertex 103.2 22.2 12.1589
    endloop
  endfacet
  facet normal 0 -1 0
    outer loop
      vertex 106.2 22.2 12.3179
      vertex 106.2 22.2 12.1589
      vertex 109.2 22.2 12.3179
    endloop
  endfacet
  facet normal 0 -1 -0
    outer loop
      vertex 109.2 22.2 12.3179
      vertex 106.2 22.2 12.1589
      vertex 109.2 22.2 12.1589
    endloop
  endfacet
  facet normal 1 -0 0
    outer loop
      vertex 100.2 16.2 13.4305
      vertex 100.2 19.2 12.6358
      vertex 100.2 19.2 13.5894
    endloop
  endfacet
  facet normal 1 0 0
    outer loop
      vertex 100.2 16.2 13.4305
      vertex 100.2 19.2 13.5894
      vertex 100.2 16.2 13.5894
    endloop
  endfacet
  facet normal 1 0 0
    outer loop
      vertex 100.2 16.2 12
      vertex 100.2 19.2 12.6358
      vertex 100.2 16.2 13.4305
    endloop
  endfacet
  facet normal 1 0 0
    outer loop
      vertex 100.2 19.2 12.6358
      vertex 100.2 16.2 12
      vertex 100.2 19.2 12
    endloop
  endfacet
  facet normal 1 0 0
    outer loop
      vertex 100.2 13.2 13.5894
      vertex 100.2 16.2 13.5894
      vertex 100.2 16.2 13.9073
    endloop
  endfacet
  facet normal 1 0 0
    outer loop
      vertex 100.2 13.2 13.5894
      vertex 100.2 16.2 13.9073
      vertex 100.2 13.2 13.9073
    endloop
  endfacet
  facet normal 1 0 0
    outer loop
      vertex 100.2 16.2 13.5894
      vertex 100.2 13.2 13.5894
      vertex 100.2 16.2 13.4305
    endloop
  endfacet
  facet normal 1 0 0
    outer loop
      vertex 100.2 13.2 13.5894
      vertex 100.2 13.2 13.4305
      vertex 100.2 16.2 13.4305
    endloop
  endfacet
  facet normal 1 -0 0
    outer loop
      vertex 100.2 10.2 13.5894
      vertex 100.2 13.2 13.4305
      vertex 100.2 13.2 13.5894
    endloop
  endfacet
  facet normal 1 0 0
    outer loop
      vertex 100.2 10.2 12.1589
      vertex 100.2 13.2 13.4305
      vertex 100.2 10.2 13.5894
    endloop
  endfacet
  facet normal 1 0 0
    outer loop
      vertex 100.2 13.2 13.4305
      vertex 100.2 10.2 12.1589
      vertex 100.2 13.2 12.1589
    endloop
  endfacet
  facet normal 1 -0 0
    outer loop
      vertex 100.2 22.2 12.3179
      vertex 100.2 25.2 12.1589
      vertex 100.2 25.2 12.3179
    endloop
  endfacet
  facet normal 1 0 0
    outer loop
      vertex 100.2 25.2 12.1589
      vertex 100.2 22.2 12.3179
      vertex 100.2 22.2 12.1589
    endloop
  endfacet
  facet normal -0 0 1
    outer loop
      vertex 97.2 13.2 13.5894
      vertex 100.2 10.2 13.5894
      vertex 100.2 13.2 13.5894
    endloop
  endfacet
  facet normal 0 0 1
    outer loop
      vertex 100.2 10.2 13.5894
      vertex 97.2 13.2 13.5894
      vertex 97.2 10.2 13.5894
    endloop
  endfacet
  facet normal 0 -1 0
    outer loop
      vertex 97.2 13.2 13.5894
      vertex 100.2 13.2 13.9073
      vertex 97.2 13.2 13.9073
    endloop
  endfacet
  facet normal 0 -1 -0
    outer loop
      vertex 100.2 13.2 13.9073
      vertex 97.2 13.2 13.5894
      vertex 100.2 13.2 13.5894
    endloop
  endfacet
  facet normal 0 -1 0
    outer loop
      vertex 103.2 10.2 12.6358
      vertex 103.2 10.2 12.1589
      vertex 109.2 10.2 12.6358
    endloop
  endfacet
  facet normal 0 -1 0
    outer loop
      vertex 109.2 10.2 12.6358
      vertex 112.2 10.2 13.1126
      vertex 109.2 10.2 13.1126
    endloop
  endfacet
  facet normal 0 -1 0
    outer loop
      vertex 109.2 10.2 12.6358
      vertex 112.2 10.2 12.1589
      vertex 112.2 10.2 13.1126
    endloop
  endfacet
  facet normal 0 -1 0
    outer loop
      vertex 112.2 10.2 12.1589
      vertex 109.2 10.2 12.6358
      vertex 103.2 10.2 12.1589
    endloop
  endfacet
  facet normal 0 -1 0
    outer loop
      vertex 97.2 10.2 13.5894
      vertex 100.2 10.2 12.1589
      vertex 100.2 10.2 13.5894
    endloop
  endfacet
  facet normal 0 -1 0
    outer loop
      vertex 97.2 10.2 12
      vertex 103.2 10.2 12.1589
      vertex 100.2 10.2 12.1589
    endloop
  endfacet
  facet normal 0 -1 0
    outer loop
      vertex 103.2 10.2 12.1589
      vertex 115.2 10.2 12
      vertex 112.2 10.2 12.1589
    endloop
  endfacet
  facet normal 0 -1 0
    outer loop
      vertex 97.2 10.2 12
      vertex 100.2 10.2 12.1589
      vertex 97.2 10.2 13.5894
    endloop
  endfacet
  facet normal 0 -1 -0
    outer loop
      vertex 103.2 10.2 12.1589
      vertex 97.2 10.2 12
      vertex 115.2 10.2 12
    endloop
  endfacet
  facet normal 0 -1 0
    outer loop
      vertex 112.2 10.2 12.1589
      vertex 115.2 10.2 12
      vertex 115.2 10.2 12.1589
    endloop
  endfacet
  facet normal -0 0 1
    outer loop
      vertex 97.2 16.2 13.9073
      vertex 100.2 13.2 13.9073
      vertex 100.2 16.2 13.9073
    endloop
  endfacet
  facet normal 0 0 1
    outer loop
      vertex 100.2 13.2 13.9073
      vertex 97.2 16.2 13.9073
      vertex 97.2 13.2 13.9073
    endloop
  endfacet
  facet normal 0 1 -0
    outer loop
      vertex 100.2 16.2 13.5894
      vertex 97.2 16.2 13.9073
      vertex 100.2 16.2 13.9073
    endloop
  endfacet
  facet normal 0 1 0
    outer loop
      vertex 97.2 16.2 13.9073
      vertex 100.2 16.2 13.5894
      vertex 97.2 16.2 13.5894
    endloop
  endfacet
  facet normal -0 0 1
    outer loop
      vertex 97.2 19.2 13.5894
      vertex 100.2 16.2 13.5894
      vertex 100.2 19.2 13.5894
    endloop
  endfacet
  facet normal 0 0 1
    outer loop
      vertex 100.2 16.2 13.5894
      vertex 97.2 19.2 13.5894
      vertex 97.2 16.2 13.5894
    endloop
  endfacet
  facet normal 0 1 -0
    outer loop
      vertex 100.2 19.2 12.6358
      vertex 97.2 19.2 13.5894
      vertex 100.2 19.2 13.5894
    endloop
  endfacet
  facet normal 0 1 0
    outer loop
      vertex 97.2 19.2 13.5894
      vertex 100.2 19.2 12.6358
      vertex 97.2 19.2 12.6358
    endloop
  endfacet
  facet normal -0 0 1
    outer loop
      vertex 97.2 25.2 12.3179
      vertex 100.2 22.2 12.3179
      vertex 100.2 25.2 12.3179
    endloop
  endfacet
  facet normal 0 0 1
    outer loop
      vertex 100.2 22.2 12.3179
      vertex 97.2 25.2 12.3179
      vertex 97.2 22.2 12.3179
    endloop
  endfacet
  facet normal 0 1 -0
    outer loop
      vertex 109.2 25.2 12
      vertex 106.2 25.2 12.3179
      vertex 109.2 25.2 12.3179
    endloop
  endfacet
  facet normal 0 1 0
    outer loop
      vertex 97.2 25.2 12
      vertex 103.2 25.2 12.1589
      vertex 109.2 25.2 12
    endloop
  endfacet
  facet normal 0 1 0
    outer loop
      vertex 106.2 25.2 12.3179
      vertex 109.2 25.2 12
      vertex 103.2 25.2 12.1589
    endloop
  endfacet
  facet normal 0 1 -0
    outer loop
      vertex 106.2 25.2 12.3179
      vertex 103.2 25.2 12.4768
      vertex 106.2 25.2 12.4768
    endloop
  endfacet
  facet normal 0 1 0
    outer loop
      vertex 103.2 25.2 12.4768
      vertex 106.2 25.2 12.3179
      vertex 103.2 25.2 12.1589
    endloop
  endfacet
  facet normal 0 1 -0
    outer loop
      vertex 100.2 25.2 12.1589
      vertex 97.2 25.2 12.3179
      vertex 100.2 25.2 12.3179
    endloop
  endfacet
  facet normal 0 1 0
    outer loop
      vertex 100.2 25.2 12.1589
      vertex 97.2 25.2 12
      vertex 97.2 25.2 12.3179
    endloop
  endfacet
  facet normal 0 1 0
    outer loop
      vertex 103.2 25.2 12.1589
      vertex 97.2 25.2 12
      vertex 100.2 25.2 12.1589
    endloop
  endfacet
  facet normal -1 0 0
    outer loop
      vertex 103.2 10.2 12.1589
      vertex 103.2 13.2 12.6358
      vertex 103.2 13.2 12.1589
    endloop
  endfacet
  facet normal -1 -0 0
    outer loop
      vertex 103.2 13.2 12.6358
      vertex 103.2 10.2 12.1589
      vertex 103.2 10.2 12.6358
    endloop
  endfacet
  facet normal 1 -0 0
    outer loop
      vertex 103.2 13.2 13.4305
      vertex 103.2 16.2 12.6358
      vertex 103.2 16.2 13.4305
    endloop
  endfacet
  facet normal 1 0 0
    outer loop
      vertex 103.2 16.2 12.6358
      vertex 103.2 13.2 13.4305
      vertex 103.2 13.2 12.6358
    endloop
  endfacet
  facet normal -1 0 0
    outer loop
      vertex 103.2 16.2 12
      vertex 103.2 19.2 12.4768
      vertex 103.2 19.2 12
    endloop
  endfacet
  facet normal -1 -0 0
    outer loop
      vertex 103.2 19.2 12.4768
      vertex 103.2 16.2 12
      vertex 103.2 16.2 12.4768
    endloop
  endfacet
  facet normal -0 0 1
    outer loop
      vertex 100.2 13.2 12.1589
      vertex 103.2 10.2 12.1589
      vertex 103.2 13.2 12.1589
    endloop
  endfacet
  facet normal 0 0 1
    outer loop
      vertex 103.2 10.2 12.1589
      vertex 100.2 13.2 12.1589
      vertex 100.2 10.2 12.1589
    endloop
  endfacet
  facet normal 0 -1 0
    outer loop
      vertex 100.2 13.2 13.4305
      vertex 103.2 13.2 12.6358
      vertex 103.2 13.2 13.4305
    endloop
  endfacet
  facet normal 0 -1 0
    outer loop
      vertex 100.2 13.2 12.1589
      vertex 103.2 13.2 12.6358
      vertex 100.2 13.2 13.4305
    endloop
  endfacet
  facet normal 0 -1 -0
    outer loop
      vertex 103.2 13.2 12.6358
      vertex 100.2 13.2 12.1589
      vertex 103.2 13.2 12.1589
    endloop
  endfacet
  facet normal -0 0 1
    outer loop
      vertex 100.2 16.2 13.4305
      vertex 103.2 13.2 13.4305
      vertex 103.2 16.2 13.4305
    endloop
  endfacet
  facet normal 0 0 1
    outer loop
      vertex 103.2 13.2 13.4305
      vertex 100.2 16.2 13.4305
      vertex 100.2 13.2 13.4305
    endloop
  endfacet
  facet normal 0 1 0
    outer loop
      vertex 106.2 16.2 12.6358
      vertex 106.2 16.2 12.4768
      vertex 103.2 16.2 12.6358
    endloop
  endfacet
  facet normal 0 1 -0
    outer loop
      vertex 103.2 16.2 12.6358
      vertex 100.2 16.2 13.4305
      vertex 103.2 16.2 13.4305
    endloop
  endfacet
  facet normal 0 1 0
    outer loop
      vertex 103.2 16.2 12.4768
      vertex 103.2 16.2 12.6358
      vertex 106.2 16.2 12.4768
    endloop
  endfacet
  facet normal 0 1 0
    outer loop
      vertex 100.2 16.2 12
      vertex 103.2 16.2 12.6358
      vertex 103.2 16.2 12.4768
    endloop
  endfacet
  facet normal 0 1 0
    outer loop
      vertex 100.2 16.2 12
      vertex 103.2 16.2 12.4768
      vertex 103.2 16.2 12
    endloop
  endfacet
  facet normal 0 1 0
    outer loop
      vertex 103.2 16.2 12.6358
      vertex 100.2 16.2 12
      vertex 100.2 16.2 13.4305
    endloop
  endfacet
  facet normal 1 0 0
    outer loop
      vertex 103.2 19.2 12.4768
      vertex 103.2 22.2 12.4768
      vertex 103.2 22.2 12.6358
    endloop
  endfacet
  facet normal 1 0 0
    outer loop
      vertex 103.2 22.2 12.4768
      vertex 103.2 19.2 12.4768
      vertex 103.2 22.2 12.1589
    endloop
  endfacet
  facet normal 1 0 0
    outer loop
      vertex 103.2 19.2 12.4768
      vertex 103.2 22.2 12.6358
      vertex 103.2 19.2 12.6358
    endloop
  endfacet
  facet normal 1 0 0
    outer loop
      vertex 103.2 19.2 12
      vertex 103.2 22.2 12.1589
      vertex 103.2 19.2 12.4768
    endloop
  endfacet
  facet normal 1 0 0
    outer loop
      vertex 103.2 22.2 12.1589
      vertex 103.2 19.2 12
      vertex 103.2 22.2 12
    endloop
  endfacet
  facet normal 0 -1 0
    outer loop
      vertex 100.2 19.2 12.6358
      vertex 103.2 19.2 12.4768
      vertex 103.2 19.2 12.6358
    endloop
  endfacet
  facet normal 0 -1 0
    outer loop
      vertex 100.2 19.2 12
      vertex 103.2 19.2 12.4768
      vertex 100.2 19.2 12.6358
    endloop
  endfacet
  facet normal 0 -1 -0
    outer loop
      vertex 103.2 19.2 12.4768
      vertex 100.2 19.2 12
      vertex 103.2 19.2 12
    endloop
  endfacet
  facet normal -1 0 0
    outer loop
      vertex 103.2 22.2 12.1589
      vertex 103.2 25.2 12.4768
      vertex 103.2 25.2 12.1589
    endloop
  endfacet
  facet normal -1 -0 0
    outer loop
      vertex 103.2 25.2 12.4768
      vertex 103.2 22.2 12.1589
      vertex 103.2 22.2 12.4768
    endloop
  endfacet
  facet normal -0 0 1
    outer loop
      vertex 100.2 25.2 12.1589
      vertex 103.2 22.2 12.1589
      vertex 103.2 25.2 12.1589
    endloop
  endfacet
  facet normal 0 0 1
    outer loop
      vertex 103.2 22.2 12.1589
      vertex 100.2 25.2 12.1589
      vertex 100.2 22.2 12.1589
    endloop
  endfacet
  facet normal 1 -0 0
    outer loop
      vertex 106.2 13.2 12.6358
      vertex 106.2 16.2 12.4768
      vertex 106.2 16.2 12.6358
    endloop
  endfacet
  facet normal 1 0 0
    outer loop
      vertex 106.2 13.2 12
      vertex 106.2 16.2 12.4768
      vertex 106.2 13.2 12.6358
    endloop
  endfacet
  facet normal 1 0 0
    outer loop
      vertex 106.2 16.2 12.4768
      vertex 106.2 13.2 12
      vertex 106.2 16.2 12
    endloop
  endfacet
  facet normal 0 0 1
    outer loop
      vertex 106.2 16.2 12.6358
      vertex 103.2 16.2 12.6358
      vertex 106.2 13.2 12.6358
    endloop
  endfacet
  facet normal -0 0 1
    outer loop
      vertex 106.2 13.2 12.6358
      vertex 109.2 10.2 12.6358
      vertex 109.2 13.2 12.6358
    endloop
  endfacet
  facet normal 0 0 1
    outer loop
      vertex 103.2 13.2 12.6358
      vertex 106.2 13.2 12.6358
      vertex 103.2 16.2 12.6358
    endloop
  endfacet
  facet normal 0 0 1
    outer loop
      vertex 103.2 10.2 12.6358
      vertex 106.2 13.2 12.6358
      vertex 103.2 13.2 12.6358
    endloop
  endfacet
  facet normal 0 0 1
    outer loop
      vertex 106.2 13.2 12.6358
      vertex 103.2 10.2 12.6358
      vertex 109.2 10.2 12.6358
    endloop
  endfacet
  facet normal 0 0 1
    outer loop
      vertex 109.2 19.2 12.4768
      vertex 106.2 16.2 12.4768
      vertex 109.2 16.2 12.4768
    endloop
  endfacet
  facet normal -0 0 1
    outer loop
      vertex 103.2 19.2 12.4768
      vertex 106.2 16.2 12.4768
      vertex 109.2 19.2 12.4768
    endloop
  endfacet
  facet normal 0 0 1
    outer loop
      vertex 106.2 16.2 12.4768
      vertex 103.2 19.2 12.4768
      vertex 103.2 16.2 12.4768
    endloop
  endfacet
  facet normal 0 1 0
    outer loop
      vertex 112.2 19.2 12.3179
      vertex 109.2 19.2 12.1589
      vertex 109.2 19.2 12.3179
    endloop
  endfacet
  facet normal 0 1 -0
    outer loop
      vertex 112.2 19.2 12
      vertex 109.2 19.2 12.1589
      vertex 112.2 19.2 12.3179
    endloop
  endfacet
  facet normal 0 1 0
    outer loop
      vertex 109.2 19.2 12.1589
      vertex 112.2 19.2 12
      vertex 109.2 19.2 12
    endloop
  endfacet
  facet normal 0 1 0
    outer loop
      vertex 106.2 19.2 12.1589
      vertex 109.2 19.2 12.4768
      vertex 109.2 19.2 12.3179
    endloop
  endfacet
  facet normal 0 1 0
    outer loop
      vertex 106.2 19.2 12.1589
      vertex 109.2 19.2 12.3179
      vertex 109.2 19.2 12.1589
    endloop
  endfacet
  facet normal 0 1 0
    outer loop
      vertex 109.2 19.2 12.4768
      vertex 106.2 19.2 12.1589
      vertex 103.2 19.2 12.4768
    endloop
  endfacet
  facet normal 0 1 0
    outer loop
      vertex 103.2 19.2 12
      vertex 106.2 19.2 12.1589
      vertex 106.2 19.2 12
    endloop
  endfacet
  facet normal 0 1 0
    outer loop
      vertex 106.2 19.2 12.1589
      vertex 103.2 19.2 12
      vertex 103.2 19.2 12.4768
    endloop
  endfacet
  facet normal -1 0 0
    outer loop
      vertex 106.2 19.2 12
      vertex 106.2 22.2 12.1589
      vertex 106.2 22.2 12
    endloop
  endfacet
  facet normal -1 -0 0
    outer loop
      vertex 106.2 22.2 12.1589
      vertex 106.2 19.2 12
      vertex 106.2 19.2 12.1589
    endloop
  endfacet
  facet normal 1 -0 0
    outer loop
      vertex 106.2 22.2 12.4768
      vertex 106.2 25.2 12.3179
      vertex 106.2 25.2 12.4768
    endloop
  endfacet
  facet normal 1 0 0
    outer loop
      vertex 106.2 25.2 12.3179
      vertex 106.2 22.2 12.4768
      vertex 106.2 22.2 12.3179
    endloop
  endfacet
  facet normal -0 0 1
    outer loop
      vertex 103.2 25.2 12.4768
      vertex 106.2 22.2 12.4768
      vertex 106.2 25.2 12.4768
    endloop
  endfacet
  facet normal 0 0 1
    outer loop
      vertex 106.2 22.2 12.4768
      vertex 103.2 25.2 12.4768
      vertex 103.2 22.2 12.4768
    endloop
  endfacet
  facet normal -1 0 0
    outer loop
      vertex 109.2 10.2 12.6358
      vertex 109.2 13.2 13.1126
      vertex 109.2 13.2 12.6358
    endloop
  endfacet
  facet normal -1 -0 0
    outer loop
      vertex 109.2 13.2 13.1126
      vertex 109.2 10.2 12.6358
      vertex 109.2 10.2 13.1126
    endloop
  endfacet
  facet normal -1 0 0
    outer loop
      vertex 109.2 13.2 12
      vertex 109.2 16.2 12.3179
      vertex 109.2 16.2 12
    endloop
  endfacet
  facet normal -1 -0 0
    outer loop
      vertex 109.2 16.2 12.3179
      vertex 109.2 13.2 12
      vertex 109.2 13.2 12.3179
    endloop
  endfacet
  facet normal 0 1 0
    outer loop
      vertex 112.2 13.2 13.1126
      vertex 109.2 13.2 12.6358
      vertex 109.2 13.2 13.1126
    endloop
  endfacet
  facet normal 0 1 -0
    outer loop
      vertex 112.2 13.2 12.3179
      vertex 109.2 13.2 12.6358
      vertex 112.2 13.2 13.1126
    endloop
  endfacet
  facet normal 0 1 0
    outer loop
      vertex 109.2 13.2 12.3179
      vertex 109.2 13.2 12.6358
      vertex 112.2 13.2 12.3179
    endloop
  endfacet
  facet normal 0 1 0
    outer loop
      vertex 109.2 13.2 12.6358
      vertex 109.2 13.2 12.3179
      vertex 106.2 13.2 12.6358
    endloop
  endfacet
  facet normal 0 1 0
    outer loop
      vertex 106.2 13.2 12
      vertex 109.2 13.2 12.3179
      vertex 109.2 13.2 12
    endloop
  endfacet
  facet normal 0 1 0
    outer loop
      vertex 109.2 13.2 12.3179
      vertex 106.2 13.2 12
      vertex 106.2 13.2 12.6358
    endloop
  endfacet
  facet normal 1 -0 0
    outer loop
      vertex 109.2 16.2 12.4768
      vertex 109.2 19.2 12.3179
      vertex 109.2 19.2 12.4768
    endloop
  endfacet
  facet normal 1 0 0
    outer loop
      vertex 109.2 19.2 12.3179
      vertex 109.2 16.2 12.4768
      vertex 109.2 16.2 12.3179
    endloop
  endfacet
  facet normal 0 -1 0
    outer loop
      vertex 106.2 16.2 12.4768
      vertex 109.2 16.2 12.3179
      vertex 109.2 16.2 12.4768
    endloop
  endfacet
  facet normal 0 -1 0
    outer loop
      vertex 106.2 16.2 12
      vertex 109.2 16.2 12.3179
      vertex 106.2 16.2 12.4768
    endloop
  endfacet
  facet normal 0 -1 -0
    outer loop
      vertex 109.2 16.2 12.3179
      vertex 106.2 16.2 12
      vertex 109.2 16.2 12
    endloop
  endfacet
  facet normal 1 0 0
    outer loop
      vertex 109.2 22.2 12.1589
      vertex 109.2 25.2 12.3179
      vertex 109.2 22.2 12.3179
    endloop
  endfacet
  facet normal 1 0 0
    outer loop
      vertex 109.2 25.2 12.3179
      vertex 109.2 22.2 12.1589
      vertex 109.2 25.2 12
    endloop
  endfacet
  facet normal 1 0 0
    outer loop
      vertex 109.2 19.2 12
      vertex 109.2 22.2 12.1589
      vertex 109.2 19.2 12.1589
    endloop
  endfacet
  facet normal 1 0 0
    outer loop
      vertex 109.2 22.2 12.1589
      vertex 109.2 19.2 12
      vertex 109.2 25.2 12
    endloop
  endfacet
  facet normal -0 0 1
    outer loop
      vertex 106.2 22.2 12.1589
      vertex 109.2 19.2 12.1589
      vertex 109.2 22.2 12.1589
    endloop
  endfacet
  facet normal 0 0 1
    outer loop
      vertex 109.2 19.2 12.1589
      vertex 106.2 22.2 12.1589
      vertex 106.2 19.2 12.1589
    endloop
  endfacet
  facet normal -0 0 1
    outer loop
      vertex 106.2 25.2 12.3179
      vertex 109.2 22.2 12.3179
      vertex 109.2 25.2 12.3179
    endloop
  endfacet
  facet normal 0 0 1
    outer loop
      vertex 109.2 22.2 12.3179
      vertex 106.2 25.2 12.3179
      vertex 106.2 22.2 12.3179
    endloop
  endfacet
  facet normal 1 0 0
    outer loop
      vertex 112.2 13.2 12.1589
      vertex 112.2 16.2 12.3179
      vertex 112.2 13.2 12.3179
    endloop
  endfacet
  facet normal 1 0 0
    outer loop
      vertex 112.2 16.2 12.3179
      vertex 112.2 13.2 12.1589
      vertex 112.2 16.2 12
    endloop
  endfacet
  facet normal 1 0 0
    outer loop
      vertex 112.2 16.2 12
      vertex 112.2 13.2 12.1589
      vertex 112.2 13.2 12
    endloop
  endfacet
  facet normal 1 -0 0
    outer loop
      vertex 112.2 10.2 13.1126
      vertex 112.2 13.2 12.3179
      vertex 112.2 13.2 13.1126
    endloop
  endfacet
  facet normal 1 0 0
    outer loop
      vertex 112.2 10.2 12.1589
      vertex 112.2 13.2 12.3179
      vertex 112.2 10.2 13.1126
    endloop
  endfacet
  facet normal 1 0 0
    outer loop
      vertex 112.2 13.2 12.3179
      vertex 112.2 10.2 12.1589
      vertex 112.2 13.2 12.1589
    endloop
  endfacet
  facet normal -0 0 1
    outer loop
      vertex 109.2 13.2 13.1126
      vertex 112.2 10.2 13.1126
      vertex 112.2 13.2 13.1126
    endloop
  endfacet
  facet normal 0 0 1
    outer loop
      vertex 112.2 10.2 13.1126
      vertex 109.2 13.2 13.1126
      vertex 109.2 10.2 13.1126
    endloop
  endfacet
  facet normal 0 0 1
    outer loop
      vertex 109.2 16.2 12.3179
      vertex 112.2 16.2 12.3179
      vertex 112.2 19.2 12.3179
    endloop
  endfacet
  facet normal 0 0 1
    outer loop
      vertex 109.2 16.2 12.3179
      vertex 112.2 19.2 12.3179
      vertex 109.2 19.2 12.3179
    endloop
  endfacet
  facet normal 0 0 1
    outer loop
      vertex 112.2 16.2 12.3179
      vertex 109.2 16.2 12.3179
      vertex 112.2 13.2 12.3179
    endloop
  endfacet
  facet normal 0 0 1
    outer loop
      vertex 112.2 13.2 12.3179
      vertex 109.2 16.2 12.3179
      vertex 109.2 13.2 12.3179
    endloop
  endfacet
  facet normal -1 0 0
    outer loop
      vertex 112.2 16.2 12.3179
      vertex 112.2 19.2 12.6358
      vertex 112.2 19.2 12.3179
    endloop
  endfacet
  facet normal -1 -0 0
    outer loop
      vertex 112.2 19.2 12.6358
      vertex 112.2 16.2 12.3179
      vertex 112.2 16.2 12.6358
    endloop
  endfacet
  facet normal -1 0 0
    outer loop
      vertex 112.2 19.2 12.3179
      vertex 112.2 22.2 12
      vertex 112.2 19.2 12
    endloop
  endfacet
  facet normal -1 0 0
    outer loop
      vertex 112.2 19.2 12.6358
      vertex 112.2 22.2 12
      vertex 112.2 19.2 12.3179
    endloop
  endfacet
  facet normal -1 0 0
    outer loop
      vertex 112.2 22.2 12
      vertex 112.2 19.2 12.6358
      vertex 112.2 22.2 13.1126
    endloop
  endfacet
  facet normal -1 -0 0
    outer loop
      vertex 112.2 22.2 13.1126
      vertex 112.2 19.2 12.6358
      vertex 112.2 19.2 13.1126
    endloop
  endfacet
  facet normal 1 -0 0
    outer loop
      vertex 115.2 10.2 12.1589
      vertex 115.2 13.2 12
      vertex 115.2 13.2 12.1589
    endloop
  endfacet
  facet normal 1 0 0
    outer loop
      vertex 115.2 13.2 12
      vertex 115.2 10.2 12.1589
      vertex 115.2 10.2 12
    endloop
  endfacet
  facet normal -0 0 1
    outer loop
      vertex 112.2 13.2 12.1589
      vertex 115.2 10.2 12.1589
      vertex 115.2 13.2 12.1589
    endloop
  endfacet
  facet normal 0 0 1
    outer loop
      vertex 115.2 10.2 12.1589
      vertex 112.2 13.2 12.1589
      vertex 112.2 10.2 12.1589
    endloop
  endfacet
  facet normal 0 1 -0
    outer loop
      vertex 115.2 13.2 12
      vertex 112.2 13.2 12.1589
      vertex 115.2 13.2 12.1589
    endloop
  endfacet
  facet normal 0 1 0
    outer loop
      vertex 112.2 13.2 12.1589
      vertex 115.2 13.2 12
      vertex 112.2 13.2 12
    endloop
  endfacet
  facet normal 1 -0 0
    outer loop
      vertex 115.2 16.2 12.6358
      vertex 115.2 19.2 12.4768
      vertex 115.2 19.2 12.6358
    endloop
  endfacet
  facet normal 1 0 0
    outer loop
      vertex 115.2 19.2 12.4768
      vertex 115.2 16.2 12.6358
      vertex 115.2 16.2 12.4768
    endloop
  endfacet
  facet normal -1 0 0
    outer loop
      vertex 115.2 19.2 13.1126
      vertex 115.2 22.2 14.2252
      vertex 115.2 22.2 13.1126
    endloop
  endfacet
  facet normal -1 -0 0
    outer loop
      vertex 115.2 22.2 14.2252
      vertex 115.2 19.2 13.1126
      vertex 115.2 19.2 14.2252
    endloop
  endfacet
  facet normal -0 0 1
    outer loop
      vertex 112.2 19.2 12.6358
      vertex 115.2 16.2 12.6358
      vertex 115.2 19.2 12.6358
    endloop
  endfacet
  facet normal 0 0 1
    outer loop
      vertex 115.2 16.2 12.6358
      vertex 112.2 19.2 12.6358
      vertex 112.2 16.2 12.6358
    endloop
  endfacet
  facet normal 0 -1 0
    outer loop
      vertex 112.2 19.2 13.1126
      vertex 112.2 19.2 12.6358
      vertex 115.2 19.2 13.1126
    endloop
  endfacet
  facet normal 0 -1 0
    outer loop
      vertex 115.2 19.2 14.2252
      vertex 118.2 19.2 13.9073
      vertex 118.2 19.2 14.2252
    endloop
  endfacet
  facet normal 0 -1 0
    outer loop
      vertex 118.2 19.2 13.9073
      vertex 118.2 19.2 13.4305
      vertex 121.2 19.2 13.9073
    endloop
  endfacet
  facet normal 0 -1 0
    outer loop
      vertex 115.2 19.2 14.2252
      vertex 118.2 19.2 13.4305
      vertex 118.2 19.2 13.9073
    endloop
  endfacet
  facet normal 0 -1 0
    outer loop
      vertex 115.2 19.2 13.1126
      vertex 118.2 19.2 13.4305
      vertex 115.2 19.2 14.2252
    endloop
  endfacet
  facet normal 0 -1 0
    outer loop
      vertex 115.2 19.2 12.6358
      vertex 115.2 19.2 13.1126
      vertex 112.2 19.2 12.6358
    endloop
  endfacet
  facet normal 0 -1 0
    outer loop
      vertex 118.2 19.2 12.4768
      vertex 115.2 19.2 13.1126
      vertex 115.2 19.2 12.6358
    endloop
  endfacet
  facet normal 0 -1 0
    outer loop
      vertex 118.2 19.2 12.4768
      vertex 115.2 19.2 12.6358
      vertex 115.2 19.2 12.4768
    endloop
  endfacet
  facet normal 0 -1 0
    outer loop
      vertex 115.2 19.2 13.1126
      vertex 118.2 19.2 12.4768
      vertex 118.2 19.2 13.4305
    endloop
  endfacet
  facet normal 0 -1 -0
    outer loop
      vertex 121.2 19.2 13.9073
      vertex 118.2 19.2 13.4305
      vertex 121.2 19.2 13.4305
    endloop
  endfacet
  facet normal 0 -1 0
    outer loop
      vertex 118.2 16.2 12.6358
      vertex 121.2 16.2 13.4305
      vertex 118.2 16.2 13.4305
    endloop
  endfacet
  facet normal 0 -1 -0
    outer loop
      vertex 121.2 16.2 13.4305
      vertex 118.2 16.2 12.6358
      vertex 121.2 16.2 12.6358
    endloop
  endfacet
  facet normal 0 -1 0
    outer loop
      vertex 112.2 16.2 12.6358
      vertex 115.2 16.2 12.4768
      vertex 115.2 16.2 12.6358
    endloop
  endfacet
  facet normal 0 -1 0
    outer loop
      vertex 112.2 16.2 12.3179
      vertex 115.2 16.2 12.4768
      vertex 112.2 16.2 12.6358
    endloop
  endfacet
  facet normal 0 -1 0
    outer loop
      vertex 112.2 16.2 12
      vertex 115.2 16.2 12.4768
      vertex 112.2 16.2 12.3179
    endloop
  endfacet
  facet normal 0 -1 -0
    outer loop
      vertex 115.2 16.2 12.4768
      vertex 112.2 16.2 12
      vertex 118.2 16.2 12
    endloop
  endfacet
  facet normal 0 -1 0
    outer loop
      vertex 115.2 16.2 12.4768
      vertex 118.2 16.2 12
      vertex 118.2 16.2 12.4768
    endloop
  endfacet
  facet normal -0 0 1
    outer loop
      vertex 112.2 22.2 13.1126
      vertex 115.2 19.2 13.1126
      vertex 115.2 22.2 13.1126
    endloop
  endfacet
  facet normal 0 0 1
    outer loop
      vertex 115.2 19.2 13.1126
      vertex 112.2 22.2 13.1126
      vertex 112.2 19.2 13.1126
    endloop
  endfacet
  facet normal 0 1 -0
    outer loop
      vertex 121.2 22.2 12
      vertex 118.2 22.2 13.9073
      vertex 121.2 22.2 13.9073
    endloop
  endfacet
  facet normal 0 1 0
    outer loop
      vertex 118.2 22.2 13.9073
      vertex 121.2 22.2 12
      vertex 115.2 22.2 13.1126
    endloop
  endfacet
  facet normal 0 1 0
    outer loop
      vertex 112.2 22.2 12
      vertex 115.2 22.2 13.1126
      vertex 121.2 22.2 12
    endloop
  endfacet
  facet normal 0 1 0
    outer loop
      vertex 115.2 22.2 13.1126
      vertex 112.2 22.2 12
      vertex 112.2 22.2 13.1126
    endloop
  endfacet
  facet normal 0 1 -0
    outer loop
      vertex 118.2 22.2 13.9073
      vertex 115.2 22.2 14.2252
      vertex 118.2 22.2 14.2252
    endloop
  endfacet
  facet normal 0 1 0
    outer loop
      vertex 115.2 22.2 14.2252
      vertex 118.2 22.2 13.9073
      vertex 115.2 22.2 13.1126
    endloop
  endfacet
  facet normal -1 0 0
    outer loop
      vertex 118.2 16.2 12.6358
      vertex 118.2 19.2 12.4768
      vertex 118.2 16.2 12.4768
    endloop
  endfacet
  facet normal -1 0 0
    outer loop
      vertex 118.2 19.2 12.4768
      vertex 118.2 16.2 12.6358
      vertex 118.2 19.2 13.4305
    endloop
  endfacet
  facet normal -1 -0 0
    outer loop
      vertex 118.2 19.2 13.4305
      vertex 118.2 16.2 12.6358
      vertex 118.2 16.2 13.4305
    endloop
  endfacet
  facet normal -1 0 0
    outer loop
      vertex 118.2 13.2 12
      vertex 118.2 16.2 12.4768
      vertex 118.2 16.2 12
    endloop
  endfacet
  facet normal -1 0 0
    outer loop
      vertex 118.2 13.2 12.6358
      vertex 118.2 16.2 12.4768
      vertex 118.2 13.2 12
    endloop
  endfacet
  facet normal -1 0 0
    outer loop
      vertex 118.2 16.2 12.4768
      vertex 118.2 13.2 12.6358
      vertex 118.2 16.2 12.6358
    endloop
  endfacet
  facet normal 1 -0 0
    outer loop
      vertex 118.2 19.2 14.2252
      vertex 118.2 22.2 13.9073
      vertex 118.2 22.2 14.2252
    endloop
  endfacet
  facet normal 1 0 0
    outer loop
      vertex 118.2 22.2 13.9073
      vertex 118.2 19.2 14.2252
      vertex 118.2 19.2 13.9073
    endloop
  endfacet
  facet normal -0 0 1
    outer loop
      vertex 115.2 19.2 12.4768
      vertex 118.2 16.2 12.4768
      vertex 118.2 19.2 12.4768
    endloop
  endfacet
  facet normal 0 0 1
    outer loop
      vertex 118.2 16.2 12.4768
      vertex 115.2 19.2 12.4768
      vertex 115.2 16.2 12.4768
    endloop
  endfacet
  facet normal -0 0 1
    outer loop
      vertex 115.2 22.2 14.2252
      vertex 118.2 19.2 14.2252
      vertex 118.2 22.2 14.2252
    endloop
  endfacet
  facet normal 0 0 1
    outer loop
      vertex 118.2 19.2 14.2252
      vertex 115.2 22.2 14.2252
      vertex 115.2 19.2 14.2252
    endloop
  endfacet
  facet normal 1 0 0
    outer loop
      vertex 121.2 13.2 12.4768
      vertex 121.2 16.2 12.6358
      vertex 121.2 13.2 12.6358
    endloop
  endfacet
  facet normal 1 0 0
    outer loop
      vertex 121.2 16.2 12.6358
      vertex 121.2 13.2 12.4768
      vertex 121.2 16.2 12.3179
    endloop
  endfacet
  facet normal 1 0 0
    outer loop
      vertex 121.2 16.2 12.3179
      vertex 121.2 13.2 12.4768
      vertex 121.2 13.2 12.3179
    endloop
  endfacet
  facet normal 1 0 0
    outer loop
      vertex 121.2 19.2 13.4305
      vertex 121.2 22.2 13.9073
      vertex 121.2 19.2 13.9073
    endloop
  endfacet
  facet normal 1 0 0
    outer loop
      vertex 121.2 22.2 13.9073
      vertex 121.2 19.2 13.4305
      vertex 121.2 22.2 12
    endloop
  endfacet
  facet normal 1 0 0
    outer loop
      vertex 121.2 16.2 12.6358
      vertex 121.2 19.2 13.4305
      vertex 121.2 16.2 13.4305
    endloop
  endfacet
  facet normal 1 0 0
    outer loop
      vertex 121.2 16.2 12.3179
      vertex 121.2 19.2 13.4305
      vertex 121.2 16.2 12.6358
    endloop
  endfacet
  facet normal 1 0 0
    outer loop
      vertex 121.2 16.2 12
      vertex 121.2 19.2 13.4305
      vertex 121.2 16.2 12.3179
    endloop
  endfacet
  facet normal 1 0 0
    outer loop
      vertex 121.2 19.2 13.4305
      vertex 121.2 16.2 12
      vertex 121.2 22.2 12
    endloop
  endfacet
  facet normal -0 0 1
    outer loop
      vertex 118.2 16.2 12.6358
      vertex 121.2 13.2 12.6358
      vertex 121.2 16.2 12.6358
    endloop
  endfacet
  facet normal 0 0 1
    outer loop
      vertex 121.2 13.2 12.6358
      vertex 118.2 16.2 12.6358
      vertex 118.2 13.2 12.6358
    endloop
  endfacet
  facet normal 0 -1 0
    outer loop
      vertex 118.2 13.2 12.6358
      vertex 121.2 13.2 12.4768
      vertex 121.2 13.2 12.6358
    endloop
  endfacet
  facet normal 0 -1 0
    outer loop
      vertex 118.2 13.2 12.6358
      vertex 121.2 13.2 12.3179
      vertex 121.2 13.2 12.4768
    endloop
  endfacet
  facet normal 0 -1 0
    outer loop
      vertex 118.2 13.2 12
      vertex 121.2 13.2 12.3179
      vertex 118.2 13.2 12.6358
    endloop
  endfacet
  facet normal 0 -1 -0
    outer loop
      vertex 121.2 13.2 12.3179
      vertex 118.2 13.2 12
      vertex 121.2 13.2 12
    endloop
  endfacet
  facet normal -0 0 1
    outer loop
      vertex 118.2 19.2 13.4305
      vertex 121.2 16.2 13.4305
      vertex 121.2 19.2 13.4305
    endloop
  endfacet
  facet normal 0 0 1
    outer loop
      vertex 121.2 16.2 13.4305
      vertex 118.2 19.2 13.4305
      vertex 118.2 16.2 13.4305
    endloop
  endfacet
  facet normal -0 0 1
    outer loop
      vertex 118.2 22.2 13.9073
      vertex 121.2 19.2 13.9073
      vertex 121.2 22.2 13.9073
    endloop
  endfacet
  facet normal 0 0 1
    outer loop
      vertex 121.2 19.2 13.9073
      vertex 118.2 22.2 13.9073
      vertex 118.2 19.2 13.9073
    endloop
  endfacet
  facet normal 1 -0 0
    outer loop
      vertex 124.2 10.2 12.4768
      vertex 124.2 13.2 12.3179
      vertex 124.2 13.2 12.4768
    endloop
  endfacet
  facet normal 1 0 0
    outer loop
      vertex 124.2 10.2 12
      vertex 124.2 13.2 12.3179
      vertex 124.2 10.2 12.4768
    endloop
  endfacet
  facet normal 1 0 0
    outer loop
      vertex 124.2 13.2 12.3179
      vertex 124.2 10.2 12
      vertex 124.2 13.2 12
    endloop
  endfacet
  facet normal -0 0 1
    outer loop
      vertex 121.2 13.2 12.4768
      vertex 124.2 10.2 12.4768
      vertex 124.2 13.2 12.4768
    endloop
  endfacet
  facet normal 0 0 1
    outer loop
      vertex 124.2 10.2 12.4768
      vertex 121.2 13.2 12.4768
      vertex 121.2 10.2 12.4768
    endloop
  endfacet
  facet normal -1 0 0
    outer loop
      vertex 121.2 10.2 12
      vertex 121.2 13.2 12.3179
      vertex 121.2 13.2 12
    endloop
  endfacet
  facet normal -1 0 0
    outer loop
      vertex 121.2 10.2 12.4768
      vertex 121.2 13.2 12.3179
      vertex 121.2 10.2 12
    endloop
  endfacet
  facet normal -1 0 0
    outer loop
      vertex 121.2 13.2 12.3179
      vertex 121.2 10.2 12.4768
      vertex 121.2 13.2 12.4768
    endloop
  endfacet
  facet normal 0 1 -0
    outer loop
      vertex 124.2 13.2 12.3179
      vertex 121.2 13.2 12.4768
      vertex 124.2 13.2 12.4768
    endloop
  endfacet
  facet normal 0 1 0
    outer loop
      vertex 121.2 13.2 12.4768
      vertex 124.2 13.2 12.3179
      vertex 121.2 13.2 12.3179
    endloop
  endfacet
  facet normal 0 -1 0
    outer loop
      vertex 121.2 10.2 12
      vertex 124.2 10.2 12.4768
      vertex 121.2 10.2 12.4768
    endloop
  endfacet
  facet normal 0 -1 -0
    outer loop
      vertex 124.2 10.2 12.4768
      vertex 121.2 10.2 12
      vertex 124.2 10.2 12
    endloop
  endfacet
  facet normal -1 0 0
    outer loop
      vertex 124.2 13.2 12.3179
      vertex 124.2 16.2 12.4768
      vertex 124.2 16.2 12.3179
    endloop
  endfacet
  facet normal -1 -0 0
    outer loop
      vertex 124.2 16.2 12.4768
      vertex 124.2 13.2 12.3179
      vertex 124.2 13.2 12.4768
    endloop
  endfacet
  facet normal -0 0 1
    outer loop
      vertex 121.2 16.2 12.3179
      vertex 124.2 13.2 12.3179
      vertex 124.2 16.2 12.3179
    endloop
  endfacet
  facet normal 0 0 1
    outer loop
      vertex 124.2 13.2 12.3179
      vertex 121.2 16.2 12.3179
      vertex 121.2 13.2 12.3179
    endloop
  endfacet
  facet normal 0 1 -0
    outer loop
      vertex 127.2 16.2 12.3179
      vertex 124.2 16.2 12.4768
      vertex 127.2 16.2 12.4768
    endloop
  endfacet
  facet normal 0 1 0
    outer loop
      vertex 127.2 16.2 12.3179
      vertex 124.2 16.2 12.3179
      vertex 124.2 16.2 12.4768
    endloop
  endfacet
  facet normal 0 1 -0
    outer loop
      vertex 127.2 16.2 12
      vertex 124.2 16.2 12.3179
      vertex 127.2 16.2 12.3179
    endloop
  endfacet
  facet normal 0 1 0
    outer loop
      vertex 121.2 16.2 12
      vertex 124.2 16.2 12.3179
      vertex 127.2 16.2 12
    endloop
  endfacet
  facet normal 0 1 0
    outer loop
      vertex 124.2 16.2 12.3179
      vertex 121.2 16.2 12
      vertex 121.2 16.2 12.3179
    endloop
  endfacet
  facet normal 0 -1 0
    outer loop
      vertex 127.2 16.2 12.4768
      vertex 130.2 16.2 12.6358
      vertex 127.2 16.2 12.6358
    endloop
  endfacet
  facet normal 0 -1 0
    outer loop
      vertex 130.2 16.2 12.3179
      vertex 127.2 16.2 12.4768
      vertex 127.2 16.2 12.3179
    endloop
  endfacet
  facet normal 0 -1 0
    outer loop
      vertex 127.2 16.2 12.4768
      vertex 130.2 16.2 12.3179
      vertex 130.2 16.2 12.6358
    endloop
  endfacet
  facet normal 1 -0 0
    outer loop
      vertex 127.2 13.2 12.4768
      vertex 127.2 16.2 12.3179
      vertex 127.2 16.2 12.4768
    endloop
  endfacet
  facet normal 1 0 0
    outer loop
      vertex 127.2 16.2 12.3179
      vertex 127.2 13.2 12.4768
      vertex 127.2 13.2 12.3179
    endloop
  endfacet
  facet normal -0 0 1
    outer loop
      vertex 124.2 16.2 12.4768
      vertex 127.2 13.2 12.4768
      vertex 127.2 16.2 12.4768
    endloop
  endfacet
  facet normal 0 0 1
    outer loop
      vertex 127.2 13.2 12.4768
      vertex 124.2 16.2 12.4768
      vertex 124.2 13.2 12.4768
    endloop
  endfacet
  facet normal 0 -1 0
    outer loop
      vertex 124.2 13.2 12.3179
      vertex 127.2 13.2 12.4768
      vertex 124.2 13.2 12.4768
    endloop
  endfacet
  facet normal 0 -1 0
    outer loop
      vertex 124.2 13.2 12.3179
      vertex 127.2 13.2 12.3179
      vertex 127.2 13.2 12.4768
    endloop
  endfacet
  facet normal 0 -1 0
    outer loop
      vertex 124.2 13.2 12
      vertex 127.2 13.2 12.3179
      vertex 124.2 13.2 12.3179
    endloop
  endfacet
  facet normal 0 -1 -0
    outer loop
      vertex 127.2 13.2 12.3179
      vertex 124.2 13.2 12
      vertex 127.2 13.2 12
    endloop
  endfacet
  facet normal 0 1 0
    outer loop
      vertex 139.2 13.2 12.6358
      vertex 139.2 13.2 12.3179
      vertex 136.2 13.2 12.6358
    endloop
  endfacet
  facet normal 0 1 -0
    outer loop
      vertex 136.2 13.2 12.6358
      vertex 133.2 13.2 12.9536
      vertex 136.2 13.2 12.9536
    endloop
  endfacet
  facet normal 0 1 0
    outer loop
      vertex 136.2 13.2 12.3179
      vertex 136.2 13.2 12.6358
      vertex 139.2 13.2 12.3179
    endloop
  endfacet
  facet normal 0 1 0
    outer loop
      vertex 133.2 13.2 12.1589
      vertex 136.2 13.2 12.6358
      vertex 136.2 13.2 12.3179
    endloop
  endfacet
  facet normal 0 1 0
    outer loop
      vertex 136.2 13.2 12.6358
      vertex 133.2 13.2 12.1589
      vertex 133.2 13.2 12.9536
    endloop
  endfacet
  facet normal 0 1 -0
    outer loop
      vertex 136.2 13.2 12
      vertex 133.2 13.2 12.1589
      vertex 136.2 13.2 12.3179
    endloop
  endfacet
  facet normal 0 1 0
    outer loop
      vertex 130.2 13.2 12
      vertex 133.2 13.2 12.1589
      vertex 136.2 13.2 12
    endloop
  endfacet
  facet normal 0 1 0
    outer loop
      vertex 133.2 13.2 12.1589
      vertex 130.2 13.2 12
      vertex 130.2 13.2 12.1589
    endloop
  endfacet
  facet normal 0 1 0
    outer loop
      vertex 130.2 13.2 12.7947
      vertex 127.2 13.2 12.4768
      vertex 127.2 13.2 12.7947
    endloop
  endfacet
  facet normal 0 1 -0
    outer loop
      vertex 130.2 13.2 12.3179
      vertex 127.2 13.2 12.4768
      vertex 130.2 13.2 12.7947
    endloop
  endfacet
  facet normal 0 1 0
    outer loop
      vertex 127.2 13.2 12.4768
      vertex 130.2 13.2 12.3179
      vertex 127.2 13.2 12.3179
    endloop
  endfacet
  facet normal 1 0 0
    outer loop
      vertex 130.2 16.2 12.3179
      vertex 130.2 19.2 12.6358
      vertex 130.2 16.2 12.6358
    endloop
  endfacet
  facet normal 1 0 0
    outer loop
      vertex 130.2 19.2 12.6358
      vertex 130.2 16.2 12.3179
      vertex 130.2 19.2 12
    endloop
  endfacet
  facet normal 1 0 0
    outer loop
      vertex 130.2 13.2 12.1589
      vertex 130.2 16.2 12.3179
      vertex 130.2 13.2 12.3179
    endloop
  endfacet
  facet normal 1 0 0
    outer loop
      vertex 130.2 13.2 12
      vertex 130.2 16.2 12.3179
      vertex 130.2 13.2 12.1589
    endloop
  endfacet
  facet normal 1 0 0
    outer loop
      vertex 130.2 16.2 12.3179
      vertex 130.2 13.2 12
      vertex 130.2 19.2 12
    endloop
  endfacet
  facet normal 1 -0 0
    outer loop
      vertex 130.2 10.2 12.7947
      vertex 130.2 13.2 12.3179
      vertex 130.2 13.2 12.7947
    endloop
  endfacet
  facet normal 1 0 0
    outer loop
      vertex 130.2 10.2 12.1589
      vertex 130.2 13.2 12.3179
      vertex 130.2 10.2 12.7947
    endloop
  endfacet
  facet normal 1 0 0
    outer loop
      vertex 130.2 13.2 12.3179
      vertex 130.2 10.2 12.1589
      vertex 130.2 13.2 12.1589
    endloop
  endfacet
  facet normal -0 0 1
    outer loop
      vertex 127.2 13.2 12.7947
      vertex 130.2 10.2 12.7947
      vertex 130.2 13.2 12.7947
    endloop
  endfacet
  facet normal 0 0 1
    outer loop
      vertex 130.2 10.2 12.7947
      vertex 127.2 13.2 12.7947
      vertex 127.2 10.2 12.7947
    endloop
  endfacet
  facet normal -1 0 0
    outer loop
      vertex 127.2 10.2 12
      vertex 127.2 13.2 12.3179
      vertex 127.2 13.2 12
    endloop
  endfacet
  facet normal -1 -0 0
    outer loop
      vertex 127.2 13.2 12.3179
      vertex 127.2 10.2 12
      vertex 127.2 13.2 12.4768
    endloop
  endfacet
  facet normal -1 0 0
    outer loop
      vertex 127.2 10.2 12.7947
      vertex 127.2 13.2 12.4768
      vertex 127.2 10.2 12
    endloop
  endfacet
  facet normal -1 0 0
    outer loop
      vertex 127.2 13.2 12.4768
      vertex 127.2 10.2 12.7947
      vertex 127.2 13.2 12.7947
    endloop
  endfacet
  facet normal 0 -1 0
    outer loop
      vertex 127.2 10.2 12.7947
      vertex 130.2 10.2 12.1589
      vertex 130.2 10.2 12.7947
    endloop
  endfacet
  facet normal 0 -1 -0
    outer loop
      vertex 130.2 10.2 12.1589
      vertex 127.2 10.2 12
      vertex 133.2 10.2 12.1589
    endloop
  endfacet
  facet normal 0 -1 0
    outer loop
      vertex 127.2 10.2 12
      vertex 130.2 10.2 12.1589
      vertex 127.2 10.2 12.7947
    endloop
  endfacet
  facet normal 0 -1 0
    outer loop
      vertex 133.2 10.2 12.9536
      vertex 136.2 10.2 12.6358
      vertex 136.2 10.2 12.9536
    endloop
  endfacet
  facet normal 0 -1 0
    outer loop
      vertex 133.2 10.2 12.1589
      vertex 136.2 10.2 12.6358
      vertex 133.2 10.2 12.9536
    endloop
  endfacet
  facet normal 0 -1 0
    outer loop
      vertex 139.2 10.2 12
      vertex 136.2 10.2 12.6358
      vertex 133.2 10.2 12.1589
    endloop
  endfacet
  facet normal 0 -1 0
    outer loop
      vertex 136.2 10.2 12.6358
      vertex 139.2 10.2 12
      vertex 139.2 10.2 12.6358
    endloop
  endfacet
  facet normal 0 -1 0
    outer loop
      vertex 139.2 10.2 12
      vertex 133.2 10.2 12.1589
      vertex 127.2 10.2 12
    endloop
  endfacet
  facet normal -0 0 1
    outer loop
      vertex 127.2 16.2 12.3179
      vertex 130.2 13.2 12.3179
      vertex 130.2 16.2 12.3179
    endloop
  endfacet
  facet normal 0 0 1
    outer loop
      vertex 130.2 13.2 12.3179
      vertex 127.2 16.2 12.3179
      vertex 127.2 13.2 12.3179
    endloop
  endfacet
  facet normal -0 0 1
    outer loop
      vertex 127.2 19.2 12.6358
      vertex 130.2 16.2 12.6358
      vertex 130.2 19.2 12.6358
    endloop
  endfacet
  facet normal 0 0 1
    outer loop
      vertex 130.2 16.2 12.6358
      vertex 127.2 19.2 12.6358
      vertex 127.2 16.2 12.6358
    endloop
  endfacet
  facet normal -1 0 0
    outer loop
      vertex 127.2 16.2 12.3179
      vertex 127.2 19.2 12
      vertex 127.2 16.2 12
    endloop
  endfacet
  facet normal -1 0 0
    outer loop
      vertex 127.2 19.2 12
      vertex 127.2 16.2 12.3179
      vertex 127.2 19.2 12.6358
    endloop
  endfacet
  facet normal -1 0 0
    outer loop
      vertex 127.2 16.2 12.4768
      vertex 127.2 19.2 12.6358
      vertex 127.2 16.2 12.3179
    endloop
  endfacet
  facet normal -1 -0 0
    outer loop
      vertex 127.2 19.2 12.6358
      vertex 127.2 16.2 12.4768
      vertex 127.2 16.2 12.6358
    endloop
  endfacet
  facet normal 0 1 -0
    outer loop
      vertex 130.2 19.2 12
      vertex 127.2 19.2 12.6358
      vertex 130.2 19.2 12.6358
    endloop
  endfacet
  facet normal 0 1 0
    outer loop
      vertex 127.2 19.2 12.6358
      vertex 130.2 19.2 12
      vertex 127.2 19.2 12
    endloop
  endfacet
  facet normal 1 -0 0
    outer loop
      vertex 130.2 22.2 12.4768
      vertex 130.2 25.2 12.1589
      vertex 130.2 25.2 12.4768
    endloop
  endfacet
  facet normal 1 0 0
    outer loop
      vertex 130.2 25.2 12.1589
      vertex 130.2 22.2 12.4768
      vertex 130.2 22.2 12.1589
    endloop
  endfacet
  facet normal -0 0 1
    outer loop
      vertex 127.2 25.2 12.4768
      vertex 130.2 22.2 12.4768
      vertex 130.2 25.2 12.4768
    endloop
  endfacet
  facet normal 0 0 1
    outer loop
      vertex 130.2 22.2 12.4768
      vertex 127.2 25.2 12.4768
      vertex 127.2 22.2 12.4768
    endloop
  endfacet
  facet normal 0 0 -1
    outer loop
      vertex 127.2 22.2 12
      vertex 136.2 25.2 12
      vertex 136.2 22.2 12
    endloop
  endfacet
  facet normal -0 0 -1
    outer loop
      vertex 136.2 25.2 12
      vertex 127.2 22.2 12
      vertex 127.2 25.2 12
    endloop
  endfacet
  facet normal -1 0 0
    outer loop
      vertex 127.2 22.2 12
      vertex 127.2 25.2 12.4768
      vertex 127.2 25.2 12
    endloop
  endfacet
  facet normal -1 -0 0
    outer loop
      vertex 127.2 25.2 12.4768
      vertex 127.2 22.2 12
      vertex 127.2 22.2 12.4768
    endloop
  endfacet
  facet normal 0 1 0
    outer loop
      vertex 136.2 25.2 12.9536
      vertex 133.2 25.2 12.1589
      vertex 133.2 25.2 12.9536
    endloop
  endfacet
  facet normal 0 1 0
    outer loop
      vertex 133.2 25.2 12.1589
      vertex 136.2 25.2 12
      vertex 130.2 25.2 12.1589
    endloop
  endfacet
  facet normal 0 1 -0
    outer loop
      vertex 136.2 25.2 12
      vertex 133.2 25.2 12.1589
      vertex 136.2 25.2 12.9536
    endloop
  endfacet
  facet normal 0 1 -0
    outer loop
      vertex 130.2 25.2 12.1589
      vertex 127.2 25.2 12.4768
      vertex 130.2 25.2 12.4768
    endloop
  endfacet
  facet normal 0 1 0
    outer loop
      vertex 130.2 25.2 12.1589
      vertex 127.2 25.2 12
      vertex 127.2 25.2 12.4768
    endloop
  endfacet
  facet normal 0 1 0
    outer loop
      vertex 127.2 25.2 12
      vertex 130.2 25.2 12.1589
      vertex 136.2 25.2 12
    endloop
  endfacet
  facet normal 0 -1 0
    outer loop
      vertex 127.2 22.2 12.4768
      vertex 130.2 22.2 12.1589
      vertex 130.2 22.2 12.4768
    endloop
  endfacet
  facet normal 0 -1 -0
    outer loop
      vertex 130.2 22.2 12.1589
      vertex 127.2 22.2 12
      vertex 133.2 22.2 12.1589
    endloop
  endfacet
  facet normal 0 -1 0
    outer loop
      vertex 127.2 22.2 12
      vertex 130.2 22.2 12.1589
      vertex 127.2 22.2 12.4768
    endloop
  endfacet
  facet normal 0 -1 0
    outer loop
      vertex 133.2 22.2 12.9536
      vertex 136.2 22.2 12.3179
      vertex 136.2 22.2 12.9536
    endloop
  endfacet
  facet normal 0 -1 0
    outer loop
      vertex 133.2 22.2 12.1589
      vertex 136.2 22.2 12.3179
      vertex 133.2 22.2 12.9536
    endloop
  endfacet
  facet normal 0 -1 0
    outer loop
      vertex 133.2 22.2 12.1589
      vertex 136.2 22.2 12
      vertex 136.2 22.2 12.3179
    endloop
  endfacet
  facet normal 0 -1 0
    outer loop
      vertex 136.2 22.2 12
      vertex 133.2 22.2 12.1589
      vertex 127.2 22.2 12
    endloop
  endfacet
  facet normal -1 0 0
    outer loop
      vertex 133.2 10.2 12.1589
      vertex 133.2 13.2 12.9536
      vertex 133.2 13.2 12.1589
    endloop
  endfacet
  facet normal -1 -0 0
    outer loop
      vertex 133.2 13.2 12.9536
      vertex 133.2 10.2 12.1589
      vertex 133.2 10.2 12.9536
    endloop
  endfacet
  facet normal -0 0 1
    outer loop
      vertex 130.2 13.2 12.1589
      vertex 133.2 10.2 12.1589
      vertex 133.2 13.2 12.1589
    endloop
  endfacet
  facet normal 0 0 1
    outer loop
      vertex 133.2 10.2 12.1589
      vertex 130.2 13.2 12.1589
      vertex 130.2 10.2 12.1589
    endloop
  endfacet
  facet normal -1 0 0
    outer loop
      vertex 133.2 22.2 12.1589
      vertex 133.2 25.2 12.9536
      vertex 133.2 25.2 12.1589
    endloop
  endfacet
  facet normal -1 -0 0
    outer loop
      vertex 133.2 25.2 12.9536
      vertex 133.2 22.2 12.1589
      vertex 133.2 22.2 12.9536
    endloop
  endfacet
  facet normal -0 0 1
    outer loop
      vertex 130.2 25.2 12.1589
      vertex 133.2 22.2 12.1589
      vertex 133.2 25.2 12.1589
    endloop
  endfacet
  facet normal 0 0 1
    outer loop
      vertex 133.2 22.2 12.1589
      vertex 130.2 25.2 12.1589
      vertex 130.2 22.2 12.1589
    endloop
  endfacet
  facet normal 1 -0 0
    outer loop
      vertex 136.2 10.2 12.9536
      vertex 136.2 13.2 12.6358
      vertex 136.2 13.2 12.9536
    endloop
  endfacet
  facet normal 1 0 0
    outer loop
      vertex 136.2 13.2 12.6358
      vertex 136.2 10.2 12.9536
      vertex 136.2 10.2 12.6358
    endloop
  endfacet
  facet normal -0 0 1
    outer loop
      vertex 133.2 13.2 12.9536
      vertex 136.2 10.2 12.9536
      vertex 136.2 13.2 12.9536
    endloop
  endfacet
  facet normal 0 0 1
    outer loop
      vertex 136.2 10.2 12.9536
      vertex 133.2 13.2 12.9536
      vertex 133.2 10.2 12.9536
    endloop
  endfacet
  facet normal 1 0 0
    outer loop
      vertex 136.2 22.2 12.3179
      vertex 136.2 25.2 12.9536
      vertex 136.2 22.2 12.9536
    endloop
  endfacet
  facet normal 1 0 0
    outer loop
      vertex 136.2 25.2 12.9536
      vertex 136.2 22.2 12.3179
      vertex 136.2 25.2 12
    endloop
  endfacet
  facet normal 1 0 0
    outer loop
      vertex 136.2 25.2 12
      vertex 136.2 22.2 12.3179
      vertex 136.2 22.2 12
    endloop
  endfacet
  facet normal -0 0 1
    outer loop
      vertex 133.2 25.2 12.9536
      vertex 136.2 22.2 12.9536
      vertex 136.2 25.2 12.9536
    endloop
  endfacet
  facet normal 0 0 1
    outer loop
      vertex 136.2 22.2 12.9536
      vertex 133.2 25.2 12.9536
      vertex 133.2 22.2 12.9536
    endloop
  endfacet
  facet normal 1 0 0
    outer loop
      vertex 139.2 13.2 12.6358
      vertex 139.2 10.2 12.6358
      vertex 139.2 13.2 12.3179
    endloop
  endfacet
  facet normal 1 0 0
    outer loop
      vertex 139.2 19.2 12.1589
      vertex 139.2 22.2 12.1589
      vertex 139.2 22.2 12.3179
    endloop
  endfacet
  facet normal 1 0 0
    outer loop
      vertex 139.2 19.2 12.1589
      vertex 139.2 22.2 12.3179
      vertex 139.2 19.2 12.3179
    endloop
  endfacet
  facet normal 1 0 0
    outer loop
      vertex 139.2 22.2 12.1589
      vertex 139.2 19.2 12.1589
      vertex 139.2 22.2 12
    endloop
  endfacet
  facet normal 1 0 0
    outer loop
      vertex 139.2 22.2 12
      vertex 139.2 19.2 12.1589
      vertex 139.2 19.2 12
    endloop
  endfacet
  facet normal 1 0 0
    outer loop
      vertex 139.2 16.2 12.3179
      vertex 139.2 19.2 12.3179
      vertex 139.2 19.2 13.5894
    endloop
  endfacet
  facet normal 1 0 0
    outer loop
      vertex 139.2 16.2 12.3179
      vertex 139.2 19.2 13.5894
      vertex 139.2 16.2 13.5894
    endloop
  endfacet
  facet normal 1 0 0
    outer loop
      vertex 139.2 19.2 12.3179
      vertex 139.2 16.2 12.3179
      vertex 139.2 19.2 12.1589
    endloop
  endfacet
  facet normal 1 0 0
    outer loop
      vertex 139.2 16.2 12.3179
      vertex 139.2 16.2 12.1589
      vertex 139.2 19.2 12.1589
    endloop
  endfacet
  facet normal 1 -0 0
    outer loop
      vertex 139.2 13.2 12.3179
      vertex 139.2 16.2 12.1589
      vertex 139.2 16.2 12.3179
    endloop
  endfacet
  facet normal 1 0 0
    outer loop
      vertex 139.2 16.2 12.1589
      vertex 139.2 13.2 12.3179
      vertex 139.2 16.2 12
    endloop
  endfacet
  facet normal 1 0 0
    outer loop
      vertex 139.2 13.2 12.3179
      vertex 139.2 10.2 12
      vertex 139.2 16.2 12
    endloop
  endfacet
  facet normal 1 0 0
    outer loop
      vertex 139.2 10.2 12
      vertex 139.2 13.2 12.3179
      vertex 139.2 10.2 12.6358
    endloop
  endfacet
  facet normal -0 0 1
    outer loop
      vertex 136.2 13.2 12.6358
      vertex 139.2 10.2 12.6358
      vertex 139.2 13.2 12.6358
    endloop
  endfacet
  facet normal 0 0 1
    outer loop
      vertex 139.2 10.2 12.6358
      vertex 136.2 13.2 12.6358
      vertex 136.2 10.2 12.6358
    endloop
  endfacet
  facet normal -0 0 1
    outer loop
      vertex 136.2 16.2 12.3179
      vertex 139.2 13.2 12.3179
      vertex 139.2 16.2 12.3179
    endloop
  endfacet
  facet normal 0 0 1
    outer loop
      vertex 139.2 13.2 12.3179
      vertex 136.2 16.2 12.3179
      vertex 136.2 13.2 12.3179
    endloop
  endfacet
  facet normal -1 0 0
    outer loop
      vertex 136.2 22.2 12
      vertex 136.2 19.2 12.3179
      vertex 136.2 22.2 12.3179
    endloop
  endfacet
  facet normal -1 0 0
    outer loop
      vertex 136.2 19.2 12.3179
      vertex 136.2 16.2 12.3179
      vertex 136.2 19.2 13.5894
    endloop
  endfacet
  facet normal -1 0 0
    outer loop
      vertex 136.2 22.2 12
      vertex 136.2 16.2 12.3179
      vertex 136.2 19.2 12.3179
    endloop
  endfacet
  facet normal -1 0 0
    outer loop
      vertex 136.2 13.2 12
      vertex 136.2 16.2 12.3179
      vertex 136.2 22.2 12
    endloop
  endfacet
  facet normal -1 -0 0
    outer loop
      vertex 136.2 16.2 12.3179
      vertex 136.2 13.2 12
      vertex 136.2 13.2 12.3179
    endloop
  endfacet
  facet normal -1 -0 0
    outer loop
      vertex 136.2 19.2 13.5894
      vertex 136.2 16.2 12.3179
      vertex 136.2 16.2 13.5894
    endloop
  endfacet
  facet normal 0 -1 0
    outer loop
      vertex 136.2 16.2 12.3179
      vertex 139.2 16.2 13.5894
      vertex 136.2 16.2 13.5894
    endloop
  endfacet
  facet normal 0 -1 -0
    outer loop
      vertex 139.2 16.2 13.5894
      vertex 136.2 16.2 12.3179
      vertex 139.2 16.2 12.3179
    endloop
  endfacet
  facet normal -0 0 1
    outer loop
      vertex 136.2 19.2 13.5894
      vertex 139.2 16.2 13.5894
      vertex 139.2 19.2 13.5894
    endloop
  endfacet
  facet normal 0 0 1
    outer loop
      vertex 139.2 16.2 13.5894
      vertex 136.2 19.2 13.5894
      vertex 136.2 16.2 13.5894
    endloop
  endfacet
  facet normal 0 1 -0
    outer loop
      vertex 139.2 19.2 12.3179
      vertex 136.2 19.2 13.5894
      vertex 139.2 19.2 13.5894
    endloop
  endfacet
  facet normal 0 1 0
    outer loop
      vertex 136.2 19.2 13.5894
      vertex 139.2 19.2 12.3179
      vertex 136.2 19.2 12.3179
    endloop
  endfacet
  facet normal -0 0 1
    outer loop
      vertex 136.2 22.2 12.3179
      vertex 139.2 19.2 12.3179
      vertex 139.2 22.2 12.3179
    endloop
  endfacet
  facet normal 0 0 1
    outer loop
      vertex 139.2 19.2 12.3179
      vertex 136.2 22.2 12.3179
      vertex 136.2 19.2 12.3179
    endloop
  endfacet
  facet normal 0 1 -0
    outer loop
      vertex 139.2 22.2 12.1589
      vertex 136.2 22.2 12.3179
      vertex 139.2 22.2 12.3179
    endloop
  endfacet
  facet normal 0 1 0
    outer loop
      vertex 136.2 22.2 12
      vertex 139.2 22.2 12.1589
      vertex 139.2 22.2 12
    endloop
  endfacet
  facet normal 0 1 0
    outer loop
      vertex 139.2 22.2 12.1589
      vertex 136.2 22.2 12
      vertex 136.2 22.2 12.3179
    endloop
  endfacet
  facet normal -1 0 0
    outer loop
      vertex 142.2 16.2 12.1589
      vertex 142.2 19.2 12.6358
      vertex 142.2 19.2 12.1589
    endloop
  endfacet
  facet normal -1 -0 0
    outer loop
      vertex 142.2 19.2 12.6358
      vertex 142.2 16.2 12.1589
      vertex 142.2 16.2 12.6358
    endloop
  endfacet
  facet normal -1 0 0
    outer loop
      vertex 142.2 22.2 12.7947
      vertex 142.2 25.2 12.1589
      vertex 142.2 22.2 12.1589
    endloop
  endfacet
  facet normal -1 0 0
    outer loop
      vertex 142.2 25.2 12.1589
      vertex 142.2 22.2 12.7947
      vertex 142.2 25.2 12.9536
    endloop
  endfacet
  facet normal -1 -0 0
    outer loop
      vertex 142.2 25.2 12.9536
      vertex 142.2 22.2 12.7947
      vertex 142.2 22.2 12.9536
    endloop
  endfacet
  facet normal -1 0 0
    outer loop
      vertex 142.2 19.2 12.1589
      vertex 142.2 22.2 12.1589
      vertex 142.2 22.2 12
    endloop
  endfacet
  facet normal -1 0 0
    outer loop
      vertex 142.2 19.2 12.1589
      vertex 142.2 22.2 12
      vertex 142.2 19.2 12
    endloop
  endfacet
  facet normal -1 0 0
    outer loop
      vertex 142.2 19.2 12.6358
      vertex 142.2 22.2 12.1589
      vertex 142.2 19.2 12.1589
    endloop
  endfacet
  facet normal -1 0 0
    outer loop
      vertex 142.2 22.2 12.1589
      vertex 142.2 19.2 12.6358
      vertex 142.2 22.2 12.7947
    endloop
  endfacet
  facet normal -1 -0 0
    outer loop
      vertex 142.2 22.2 12.7947
      vertex 142.2 19.2 12.6358
      vertex 142.2 19.2 12.7947
    endloop
  endfacet
  facet normal -0 0 1
    outer loop
      vertex 139.2 19.2 12.1589
      vertex 142.2 16.2 12.1589
      vertex 142.2 19.2 12.1589
    endloop
  endfacet
  facet normal 0 0 1
    outer loop
      vertex 142.2 16.2 12.1589
      vertex 139.2 19.2 12.1589
      vertex 139.2 16.2 12.1589
    endloop
  endfacet
  facet normal 0 1 -0
    outer loop
      vertex 142.2 19.2 12
      vertex 139.2 19.2 12.1589
      vertex 142.2 19.2 12.1589
    endloop
  endfacet
  facet normal 0 1 0
    outer loop
      vertex 139.2 19.2 12.1589
      vertex 142.2 19.2 12
      vertex 139.2 19.2 12
    endloop
  endfacet
  facet normal 0 -1 0
    outer loop
      vertex 139.2 16.2 12
      vertex 142.2 16.2 12.1589
      vertex 139.2 16.2 12.1589
    endloop
  endfacet
  facet normal 0 -1 -0
    outer loop
      vertex 142.2 16.2 12.1589
      vertex 139.2 16.2 12
      vertex 142.2 16.2 12
    endloop
  endfacet
  facet normal -0 0 1
    outer loop
      vertex 139.2 25.2 12.1589
      vertex 142.2 22.2 12.1589
      vertex 142.2 25.2 12.1589
    endloop
  endfacet
  facet normal 0 0 1
    outer loop
      vertex 142.2 22.2 12.1589
      vertex 139.2 25.2 12.1589
      vertex 139.2 22.2 12.1589
    endloop
  endfacet
  facet normal -1 0 0
    outer loop
      vertex 139.2 22.2 12
      vertex 139.2 25.2 12.1589
      vertex 139.2 25.2 12
    endloop
  endfacet
  facet normal -1 -0 0
    outer loop
      vertex 139.2 25.2 12.1589
      vertex 139.2 22.2 12
      vertex 139.2 22.2 12.1589
    endloop
  endfacet
  facet normal 0 1 0
    outer loop
      vertex 145.2 25.2 12.9536
      vertex 142.2 25.2 12.1589
      vertex 142.2 25.2 12.9536
    endloop
  endfacet
  facet normal 0 1 -0
    outer loop
      vertex 145.2 25.2 12
      vertex 142.2 25.2 12.1589
      vertex 145.2 25.2 12.9536
    endloop
  endfacet
  facet normal 0 1 0
    outer loop
      vertex 139.2 25.2 12
      vertex 142.2 25.2 12.1589
      vertex 145.2 25.2 12
    endloop
  endfacet
  facet normal 0 1 0
    outer loop
      vertex 142.2 25.2 12.1589
      vertex 139.2 25.2 12
      vertex 139.2 25.2 12.1589
    endloop
  endfacet
  facet normal 0 -1 0
    outer loop
      vertex 139.2 22.2 12
      vertex 142.2 22.2 12.1589
      vertex 139.2 22.2 12.1589
    endloop
  endfacet
  facet normal 0 -1 -0
    outer loop
      vertex 142.2 22.2 12.1589
      vertex 139.2 22.2 12
      vertex 142.2 22.2 12
    endloop
  endfacet
  facet normal -1 0 0
    outer loop
      vertex 145.2 16.2 12.7947
      vertex 145.2 19.2 12.7947
      vertex 145.2 19.2 12.6358
    endloop
  endfacet
  facet normal -1 0 0
    outer loop
      vertex 145.2 16.2 12.7947
      vertex 145.2 19.2 12.6358
      vertex 145.2 16.2 12.6358
    endloop
  endfacet
  facet normal -1 0 0
    outer loop
      vertex 145.2 19.2 12.7947
      vertex 145.2 16.2 12.7947
      vertex 145.2 19.2 17.5629
    endloop
  endfacet
  facet normal -1 -0 0
    outer loop
      vertex 145.2 19.2 17.5629
      vertex 145.2 16.2 12.7947
      vertex 145.2 16.2 17.5629
    endloop
  endfacet
  facet normal -1 0 0
    outer loop
      vertex 145.2 13.2 12.1589
      vertex 145.2 16.2 12.6358
      vertex 145.2 16.2 12.1589
    endloop
  endfacet
  facet normal -1 0 0
    outer loop
      vertex 145.2 13.2 12.7947
      vertex 145.2 16.2 12.6358
      vertex 145.2 13.2 12.1589
    endloop
  endfacet
  facet normal -1 0 0
    outer loop
      vertex 145.2 16.2 12.6358
      vertex 145.2 13.2 12.7947
      vertex 145.2 16.2 12.7947
    endloop
  endfacet
  facet normal 1 0 0
    outer loop
      vertex 145.2 19.2 12.6358
      vertex 145.2 22.2 12.7947
      vertex 145.2 19.2 12.7947
    endloop
  endfacet
  facet normal 1 0 0
    outer loop
      vertex 145.2 22.2 12.7947
      vertex 145.2 19.2 12.6358
      vertex 145.2 22.2 12.1589
    endloop
  endfacet
  facet normal 1 0 0
    outer loop
      vertex 145.2 22.2 12.1589
      vertex 145.2 19.2 12.6358
      vertex 145.2 19.2 12.1589
    endloop
  endfacet
  facet normal 1 0 0
    outer loop
      vertex 145.2 22.2 12.7947
      vertex 145.2 25.2 12.9536
      vertex 145.2 22.2 12.9536
    endloop
  endfacet
  facet normal 1 0 0
    outer loop
      vertex 145.2 25.2 12.9536
      vertex 145.2 22.2 12.7947
      vertex 145.2 25.2 12
    endloop
  endfacet
  facet normal 1 -0 0
    outer loop
      vertex 145.2 22.2 12.1589
      vertex 145.2 25.2 12
      vertex 145.2 22.2 12.7947
    endloop
  endfacet
  facet normal 1 0 0
    outer loop
      vertex 145.2 25.2 12
      vertex 145.2 22.2 12.1589
      vertex 145.2 22.2 12
    endloop
  endfacet
  facet normal -0 0 1
    outer loop
      vertex 142.2 16.2 12.1589
      vertex 145.2 13.2 12.1589
      vertex 145.2 16.2 12.1589
    endloop
  endfacet
  facet normal 0 0 1
    outer loop
      vertex 145.2 13.2 12.1589
      vertex 142.2 16.2 12.1589
      vertex 142.2 13.2 12.1589
    endloop
  endfacet
  facet normal -1 0 0
    outer loop
      vertex 142.2 13.2 12
      vertex 142.2 16.2 12.1589
      vertex 142.2 16.2 12
    endloop
  endfacet
  facet normal -1 -0 0
    outer loop
      vertex 142.2 16.2 12.1589
      vertex 142.2 13.2 12
      vertex 142.2 13.2 12.1589
    endloop
  endfacet
  facet normal 0 -1 0
    outer loop
      vertex 142.2 16.2 12.1589
      vertex 145.2 16.2 12.6358
      vertex 142.2 16.2 12.6358
    endloop
  endfacet
  facet normal 0 -1 -0
    outer loop
      vertex 145.2 16.2 12.6358
      vertex 142.2 16.2 12.1589
      vertex 145.2 16.2 12.1589
    endloop
  endfacet
  facet normal 0 -1 0
    outer loop
      vertex 142.2 13.2 12
      vertex 145.2 13.2 12.1589
      vertex 142.2 13.2 12.1589
    endloop
  endfacet
  facet normal 0 -1 -0
    outer loop
      vertex 145.2 13.2 12.1589
      vertex 142.2 13.2 12
      vertex 145.2 13.2 12
    endloop
  endfacet
  facet normal -0 0 1
    outer loop
      vertex 142.2 19.2 12.6358
      vertex 145.2 16.2 12.6358
      vertex 145.2 19.2 12.6358
    endloop
  endfacet
  facet normal 0 0 1
    outer loop
      vertex 145.2 16.2 12.6358
      vertex 142.2 19.2 12.6358
      vertex 142.2 16.2 12.6358
    endloop
  endfacet
  facet normal 0 -1 0
    outer loop
      vertex 142.2 19.2 12.6358
      vertex 145.2 19.2 12.7947
      vertex 142.2 19.2 12.7947
    endloop
  endfacet
  facet normal 0 -1 -0
    outer loop
      vertex 145.2 19.2 12.7947
      vertex 142.2 19.2 12.6358
      vertex 145.2 19.2 12.6358
    endloop
  endfacet
  facet normal -0 0 1
    outer loop
      vertex 142.2 22.2 12.7947
      vertex 145.2 19.2 12.7947
      vertex 145.2 22.2 12.7947
    endloop
  endfacet
  facet normal 0 0 1
    outer loop
      vertex 145.2 19.2 12.7947
      vertex 142.2 22.2 12.7947
      vertex 142.2 19.2 12.7947
    endloop
  endfacet
  facet normal 0 -1 0
    outer loop
      vertex 142.2 22.2 12.7947
      vertex 145.2 22.2 12.9536
      vertex 142.2 22.2 12.9536
    endloop
  endfacet
  facet normal 0 -1 -0
    outer loop
      vertex 145.2 22.2 12.9536
      vertex 142.2 22.2 12.7947
      vertex 145.2 22.2 12.7947
    endloop
  endfacet
  facet normal -0 0 1
    outer loop
      vertex 142.2 25.2 12.9536
      vertex 145.2 22.2 12.9536
      vertex 145.2 25.2 12.9536
    endloop
  endfacet
  facet normal 0 0 1
    outer loop
      vertex 145.2 22.2 12.9536
      vertex 142.2 25.2 12.9536
      vertex 142.2 22.2 12.9536
    endloop
  endfacet
  facet normal -0 0 1
    outer loop
      vertex 148.2 13.2 12.1589
      vertex 151.2 10.2 12.1589
      vertex 151.2 13.2 12.1589
    endloop
  endfacet
  facet normal 0 0 1
    outer loop
      vertex 145.2 10.2 12.1589
      vertex 148.2 13.2 12.1589
      vertex 145.2 13.2 12.1589
    endloop
  endfacet
  facet normal 0 0 1
    outer loop
      vertex 148.2 13.2 12.1589
      vertex 145.2 10.2 12.1589
      vertex 151.2 10.2 12.1589
    endloop
  endfacet
  facet normal -1 0 0
    outer loop
      vertex 145.2 10.2 12
      vertex 145.2 13.2 12.1589
      vertex 145.2 13.2 12
    endloop
  endfacet
  facet normal -1 -0 0
    outer loop
      vertex 145.2 13.2 12.1589
      vertex 145.2 10.2 12
      vertex 145.2 10.2 12.1589
    endloop
  endfacet
  facet normal 0 -1 0
    outer loop
      vertex 145.2 13.2 12.1589
      vertex 148.2 13.2 12.7947
      vertex 145.2 13.2 12.7947
    endloop
  endfacet
  facet normal 0 -1 -0
    outer loop
      vertex 148.2 13.2 12.7947
      vertex 145.2 13.2 12.1589
      vertex 148.2 13.2 12.1589
    endloop
  endfacet
  facet normal 0 -1 0
    outer loop
      vertex 145.2 10.2 12.1589
      vertex 145.2 10.2 12
      vertex 151.2 10.2 12.1589
    endloop
  endfacet
  facet normal 0 -1 0
    outer loop
      vertex 151.2 10.2 23.7616
      vertex 157.2 10.2 15.8146
      vertex 154.2 10.2 23.7616
    endloop
  endfacet
  facet normal 0 -1 0
    outer loop
      vertex 151.2 10.2 12.1589
      vertex 157.2 10.2 15.8146
      vertex 151.2 10.2 23.7616
    endloop
  endfacet
  facet normal 0 -1 0
    outer loop
      vertex 160.2 10.2 12
      vertex 157.2 10.2 15.8146
      vertex 151.2 10.2 12.1589
    endloop
  endfacet
  facet normal 0 -1 0
    outer loop
      vertex 157.2 10.2 15.8146
      vertex 160.2 10.2 12
      vertex 160.2 10.2 15.8146
    endloop
  endfacet
  facet normal 0 -1 0
    outer loop
      vertex 160.2 10.2 12
      vertex 151.2 10.2 12.1589
      vertex 145.2 10.2 12
    endloop
  endfacet
  facet normal 0 -1 0
    outer loop
      vertex 154.2 10.2 23.7616
      vertex 157.2 10.2 24.3974
      vertex 154.2 10.2 24.3974
    endloop
  endfacet
  facet normal 0 -1 -0
    outer loop
      vertex 157.2 10.2 24.3974
      vertex 154.2 10.2 23.7616
      vertex 157.2 10.2 15.8146
    endloop
  endfacet
  facet normal 1 0 0
    outer loop
      vertex 148.2 16.2 12.7947
      vertex 148.2 19.2 17.5629
      vertex 148.2 16.2 17.5629
    endloop
  endfacet
  facet normal 1 -0 0
    outer loop
      vertex 148.2 19.2 12.1589
      vertex 148.2 22.2 12
      vertex 148.2 22.2 12.1589
    endloop
  endfacet
  facet normal 1 0 0
    outer loop
      vertex 148.2 19.2 17.5629
      vertex 148.2 16.2 12.7947
      vertex 148.2 19.2 12.1589
    endloop
  endfacet
  facet normal 1 0 0
    outer loop
      vertex 148.2 13.2 12.1589
      vertex 148.2 16.2 12.7947
      vertex 148.2 13.2 12.7947
    endloop
  endfacet
  facet normal 1 0 0
    outer loop
      vertex 148.2 13.2 12
      vertex 148.2 16.2 12.7947
      vertex 148.2 13.2 12.1589
    endloop
  endfacet
  facet normal 1 0 0
    outer loop
      vertex 148.2 16.2 12.7947
      vertex 148.2 13.2 12
      vertex 148.2 19.2 12.1589
    endloop
  endfacet
  facet normal 1 0 0
    outer loop
      vertex 148.2 19.2 12.1589
      vertex 148.2 13.2 12
      vertex 148.2 22.2 12
    endloop
  endfacet
  facet normal -0 0 1
    outer loop
      vertex 145.2 16.2 12.7947
      vertex 148.2 13.2 12.7947
      vertex 148.2 16.2 12.7947
    endloop
  endfacet
  facet normal 0 0 1
    outer loop
      vertex 148.2 13.2 12.7947
      vertex 145.2 16.2 12.7947
      vertex 145.2 13.2 12.7947
    endloop
  endfacet
  facet normal 0 -1 0
    outer loop
      vertex 145.2 16.2 12.7947
      vertex 148.2 16.2 17.5629
      vertex 145.2 16.2 17.5629
    endloop
  endfacet
  facet normal 0 -1 -0
    outer loop
      vertex 148.2 16.2 17.5629
      vertex 145.2 16.2 12.7947
      vertex 148.2 16.2 12.7947
    endloop
  endfacet
  facet normal -0 0 1
    outer loop
      vertex 145.2 19.2 17.5629
      vertex 148.2 16.2 17.5629
      vertex 148.2 19.2 17.5629
    endloop
  endfacet
  facet normal 0 0 1
    outer loop
      vertex 148.2 16.2 17.5629
      vertex 145.2 19.2 17.5629
      vertex 145.2 16.2 17.5629
    endloop
  endfacet
  facet normal 0 1 0
    outer loop
      vertex 148.2 19.2 17.5629
      vertex 145.2 19.2 12.7947
      vertex 145.2 19.2 17.5629
    endloop
  endfacet
  facet normal 0 1 -0
    outer loop
      vertex 148.2 19.2 12.1589
      vertex 145.2 19.2 12.7947
      vertex 148.2 19.2 17.5629
    endloop
  endfacet
  facet normal 0 1 0
    outer loop
      vertex 145.2 19.2 12.7947
      vertex 148.2 19.2 12.1589
      vertex 145.2 19.2 12.6358
    endloop
  endfacet
  facet normal 0 1 0
    outer loop
      vertex 145.2 19.2 12.6358
      vertex 148.2 19.2 12.1589
      vertex 145.2 19.2 12.1589
    endloop
  endfacet
  facet normal -0 0 1
    outer loop
      vertex 145.2 22.2 12.1589
      vertex 148.2 19.2 12.1589
      vertex 148.2 22.2 12.1589
    endloop
  endfacet
  facet normal 0 0 1
    outer loop
      vertex 148.2 19.2 12.1589
      vertex 145.2 22.2 12.1589
      vertex 145.2 19.2 12.1589
    endloop
  endfacet
  facet normal 0 1 -0
    outer loop
      vertex 148.2 22.2 12
      vertex 145.2 22.2 12.1589
      vertex 148.2 22.2 12.1589
    endloop
  endfacet
  facet normal 0 1 0
    outer loop
      vertex 145.2 22.2 12.1589
      vertex 148.2 22.2 12
      vertex 145.2 22.2 12
    endloop
  endfacet
  facet normal -1 0 0
    outer loop
      vertex 151.2 19.2 12
      vertex 151.2 16.2 17.245
      vertex 151.2 19.2 17.245
    endloop
  endfacet
  facet normal -1 0 0
    outer loop
      vertex 151.2 13.2 12.1589
      vertex 151.2 19.2 12
      vertex 151.2 13.2 12
    endloop
  endfacet
  facet normal -1 0 0
    outer loop
      vertex 151.2 19.2 12
      vertex 151.2 13.2 12.1589
      vertex 151.2 16.2 17.245
    endloop
  endfacet
  facet normal -1 0 0
    outer loop
      vertex 151.2 13.2 18.0397
      vertex 151.2 16.2 17.245
      vertex 151.2 13.2 12.1589
    endloop
  endfacet
  facet normal -1 0 0
    outer loop
      vertex 151.2 16.2 17.245
      vertex 151.2 13.2 18.0397
      vertex 151.2 16.2 18.0397
    endloop
  endfacet
  facet normal -1 0 0
    outer loop
      vertex 151.2 10.2 12.1589
      vertex 151.2 13.2 18.0397
      vertex 151.2 13.2 12.1589
    endloop
  endfacet
  facet normal -1 0 0
    outer loop
      vertex 151.2 10.2 23.7616
      vertex 151.2 13.2 18.0397
      vertex 151.2 10.2 12.1589
    endloop
  endfacet
  facet normal -1 0 0
    outer loop
      vertex 151.2 13.2 18.0397
      vertex 151.2 10.2 23.7616
      vertex 151.2 13.2 23.7616
    endloop
  endfacet
  facet normal 0 1 -0
    outer loop
      vertex 151.2 13.2 12
      vertex 148.2 13.2 12.1589
      vertex 151.2 13.2 12.1589
    endloop
  endfacet
  facet normal 0 1 0
    outer loop
      vertex 148.2 13.2 12.1589
      vertex 151.2 13.2 12
      vertex 148.2 13.2 12
    endloop
  endfacet
  facet normal -1 0 0
    outer loop
      vertex 154.2 16.2 17.5629
      vertex 154.2 19.2 17.245
      vertex 154.2 16.2 17.245
    endloop
  endfacet
  facet normal -1 0 0
    outer loop
      vertex 154.2 16.2 18.0397
      vertex 154.2 19.2 17.245
      vertex 154.2 16.2 17.5629
    endloop
  endfacet
  facet normal -1 0 0
    outer loop
      vertex 154.2 19.2 17.245
      vertex 154.2 16.2 18.0397
      vertex 154.2 19.2 21.0596
    endloop
  endfacet
  facet normal -1 -0 0
    outer loop
      vertex 154.2 19.2 21.0596
      vertex 154.2 16.2 18.0397
      vertex 154.2 16.2 21.0596
    endloop
  endfacet
  facet normal -1 0 0
    outer loop
      vertex 154.2 10.2 23.7616
      vertex 154.2 13.2 24.3974
      vertex 154.2 13.2 23.7616
    endloop
  endfacet
  facet normal -1 -0 0
    outer loop
      vertex 154.2 13.2 24.3974
      vertex 154.2 10.2 23.7616
      vertex 154.2 10.2 24.3974
    endloop
  endfacet
  facet normal 1 -0 0
    outer loop
      vertex 154.2 13.2 18.0397
      vertex 154.2 16.2 17.5629
      vertex 154.2 16.2 18.0397
    endloop
  endfacet
  facet normal 1 0 0
    outer loop
      vertex 154.2 16.2 17.5629
      vertex 154.2 13.2 18.0397
      vertex 154.2 13.2 17.5629
    endloop
  endfacet
  facet normal -0 0 1
    outer loop
      vertex 151.2 13.2 23.7616
      vertex 154.2 10.2 23.7616
      vertex 154.2 13.2 23.7616
    endloop
  endfacet
  facet normal 0 0 1
    outer loop
      vertex 154.2 10.2 23.7616
      vertex 151.2 13.2 23.7616
      vertex 151.2 10.2 23.7616
    endloop
  endfacet
  facet normal 0 1 -0
    outer loop
      vertex 157.2 13.2 17.5629
      vertex 154.2 13.2 18.0397
      vertex 157.2 13.2 22.1722
    endloop
  endfacet
  facet normal 0 1 0
    outer loop
      vertex 154.2 13.2 18.0397
      vertex 157.2 13.2 17.5629
      vertex 154.2 13.2 17.5629
    endloop
  endfacet
  facet normal 0 1 0
    outer loop
      vertex 157.2 13.2 24.3974
      vertex 154.2 13.2 23.7616
      vertex 154.2 13.2 24.3974
    endloop
  endfacet
  facet normal 0 1 -0
    outer loop
      vertex 157.2 13.2 22.1722
      vertex 154.2 13.2 23.7616
      vertex 157.2 13.2 24.3974
    endloop
  endfacet
  facet normal 0 1 0
    outer loop
      vertex 154.2 13.2 18.0397
      vertex 154.2 13.2 23.7616
      vertex 157.2 13.2 22.1722
    endloop
  endfacet
  facet normal 0 1 0
    outer loop
      vertex 154.2 13.2 23.7616
      vertex 154.2 13.2 18.0397
      vertex 151.2 13.2 23.7616
    endloop
  endfacet
  facet normal 0 1 0
    outer loop
      vertex 151.2 13.2 23.7616
      vertex 154.2 13.2 18.0397
      vertex 151.2 13.2 18.0397
    endloop
  endfacet
  facet normal -0 0 1
    outer loop
      vertex 151.2 16.2 18.0397
      vertex 154.2 13.2 18.0397
      vertex 154.2 16.2 18.0397
    endloop
  endfacet
  facet normal 0 0 1
    outer loop
      vertex 154.2 13.2 18.0397
      vertex 151.2 16.2 18.0397
      vertex 151.2 13.2 18.0397
    endloop
  endfacet
  facet normal 0 1 -0
    outer loop
      vertex 154.2 16.2 17.5629
      vertex 151.2 16.2 18.0397
      vertex 154.2 16.2 18.0397
    endloop
  endfacet
  facet normal 0 1 0
    outer loop
      vertex 151.2 16.2 17.245
      vertex 154.2 16.2 17.5629
      vertex 154.2 16.2 17.245
    endloop
  endfacet
  facet normal 0 1 0
    outer loop
      vertex 154.2 16.2 17.5629
      vertex 151.2 16.2 17.245
      vertex 151.2 16.2 18.0397
    endloop
  endfacet
  facet normal -0 0 1
    outer loop
      vertex 151.2 19.2 17.245
      vertex 154.2 16.2 17.245
      vertex 154.2 19.2 17.245
    endloop
  endfacet
  facet normal 0 0 1
    outer loop
      vertex 154.2 16.2 17.245
      vertex 151.2 19.2 17.245
      vertex 151.2 16.2 17.245
    endloop
  endfacet
  facet normal 0 1 0
    outer loop
      vertex 157.2 19.2 21.0596
      vertex 154.2 19.2 17.245
      vertex 154.2 19.2 21.0596
    endloop
  endfacet
  facet normal 0 1 -0
    outer loop
      vertex 157.2 19.2 12.9536
      vertex 154.2 19.2 17.245
      vertex 157.2 19.2 21.0596
    endloop
  endfacet
  facet normal 0 1 0
    outer loop
      vertex 154.2 19.2 12.9536
      vertex 154.2 19.2 17.245
      vertex 157.2 19.2 12.9536
    endloop
  endfacet
  facet normal 0 1 0
    outer loop
      vertex 154.2 19.2 17.245
      vertex 154.2 19.2 12.9536
      vertex 151.2 19.2 17.245
    endloop
  endfacet
  facet normal 0 1 0
    outer loop
      vertex 151.2 19.2 12
      vertex 154.2 19.2 12.9536
      vertex 154.2 19.2 12
    endloop
  endfacet
  facet normal 0 1 0
    outer loop
      vertex 154.2 19.2 12.9536
      vertex 151.2 19.2 12
      vertex 151.2 19.2 17.245
    endloop
  endfacet
  facet normal 0 1 -0
    outer loop
      vertex 160.2 19.2 30.1192
      vertex 157.2 19.2 30.2781
      vertex 160.2 19.2 30.2781
    endloop
  endfacet
  facet normal 0 1 0
    outer loop
      vertex 157.2 19.2 30.2781
      vertex 160.2 19.2 30.1192
      vertex 157.2 19.2 30.1192
    endloop
  endfacet
  facet normal 0 1 0
    outer loop
      vertex 166.2 19.2 12.7947
      vertex 163.2 19.2 12.6358
      vertex 163.2 19.2 12.7947
    endloop
  endfacet
  facet normal 0 1 -0
    outer loop
      vertex 166.2 19.2 12
      vertex 163.2 19.2 12.6358
      vertex 166.2 19.2 12.7947
    endloop
  endfacet
  facet normal 0 1 0
    outer loop
      vertex 160.2 19.2 12
      vertex 163.2 19.2 12.6358
      vertex 166.2 19.2 12
    endloop
  endfacet
  facet normal 0 1 0
    outer loop
      vertex 163.2 19.2 12.6358
      vertex 160.2 19.2 12
      vertex 160.2 19.2 12.6358
    endloop
  endfacet
  facet normal -1 0 0
    outer loop
      vertex 154.2 22.2 22.3311
      vertex 154.2 25.2 25.1921
      vertex 154.2 25.2 22.3311
    endloop
  endfacet
  facet normal -1 -0 0
    outer loop
      vertex 154.2 25.2 25.1921
      vertex 154.2 22.2 22.3311
      vertex 154.2 22.2 25.1921
    endloop
  endfacet
  facet normal -0 0 1
    outer loop
      vertex 151.2 25.2 22.3311
      vertex 154.2 22.2 22.3311
      vertex 154.2 25.2 22.3311
    endloop
  endfacet
  facet normal 0 0 1
    outer loop
      vertex 154.2 22.2 22.3311
      vertex 151.2 25.2 22.3311
      vertex 151.2 22.2 22.3311
    endloop
  endfacet
  facet normal -1 0 0
    outer loop
      vertex 151.2 22.2 12
      vertex 151.2 25.2 22.3311
      vertex 151.2 25.2 12
    endloop
  endfacet
  facet normal -1 -0 0
    outer loop
      vertex 151.2 25.2 22.3311
      vertex 151.2 22.2 12
      vertex 151.2 22.2 22.3311
    endloop
  endfacet
  facet normal 0 1 0
    outer loop
      vertex 160.2 25.2 36
      vertex 157.2 25.2 25.1921
      vertex 157.2 25.2 36
    endloop
  endfacet
  facet normal 0 1 0
    outer loop
      vertex 157.2 25.2 25.1921
      vertex 154.2 25.2 22.3311
      vertex 154.2 25.2 25.1921
    endloop
  endfacet
  facet normal 0 1 -0
    outer loop
      vertex 160.2 25.2 12
      vertex 157.2 25.2 25.1921
      vertex 160.2 25.2 36
    endloop
  endfacet
  facet normal 0 1 0
    outer loop
      vertex 160.2 25.2 12
      vertex 154.2 25.2 22.3311
      vertex 157.2 25.2 25.1921
    endloop
  endfacet
  facet normal 0 1 0
    outer loop
      vertex 151.2 25.2 12
      vertex 154.2 25.2 22.3311
      vertex 160.2 25.2 12
    endloop
  endfacet
  facet normal 0 1 0
    outer loop
      vertex 154.2 25.2 22.3311
      vertex 151.2 25.2 12
      vertex 151.2 25.2 22.3311
    endloop
  endfacet
  facet normal 0 -1 0
    outer loop
      vertex 151.2 22.2 22.3311
      vertex 154.2 22.2 12.9536
      vertex 154.2 22.2 22.3311
    endloop
  endfacet
  facet normal 0 -1 0
    outer loop
      vertex 151.2 22.2 12
      vertex 154.2 22.2 12.9536
      vertex 151.2 22.2 22.3311
    endloop
  endfacet
  facet normal 0 -1 -0
    outer loop
      vertex 154.2 22.2 12.9536
      vertex 151.2 22.2 12
      vertex 154.2 22.2 12
    endloop
  endfacet
  facet normal 0 -1 0
    outer loop
      vertex 154.2 22.2 22.3311
      vertex 157.2 22.2 25.1921
      vertex 154.2 22.2 25.1921
    endloop
  endfacet
  facet normal 0 -1 0
    outer loop
      vertex 157.2 22.2 12.9536
      vertex 154.2 22.2 22.3311
      vertex 154.2 22.2 12.9536
    endloop
  endfacet
  facet normal 0 -1 0
    outer loop
      vertex 154.2 22.2 22.3311
      vertex 157.2 22.2 12.9536
      vertex 157.2 22.2 25.1921
    endloop
  endfacet
  facet normal -1 0 0
    outer loop
      vertex 157.2 22.2 30.1192
      vertex 157.2 25.2 25.1921
      vertex 157.2 22.2 25.1921
    endloop
  endfacet
  facet normal -1 0 0
    outer loop
      vertex 157.2 25.2 25.1921
      vertex 157.2 22.2 30.1192
      vertex 157.2 25.2 36
    endloop
  endfacet
  facet normal -1 -0 0
    outer loop
      vertex 157.2 25.2 36
      vertex 157.2 22.2 30.1192
      vertex 157.2 22.2 36
    endloop
  endfacet
  facet normal -1 0 0
    outer loop
      vertex 157.2 19.2 21.0596
      vertex 157.2 22.2 25.1921
      vertex 157.2 22.2 12.9536
    endloop
  endfacet
  facet normal -1 0 0
    outer loop
      vertex 157.2 19.2 21.0596
      vertex 157.2 22.2 12.9536
      vertex 157.2 19.2 12.9536
    endloop
  endfacet
  facet normal -1 0 0
    outer loop
      vertex 157.2 16.2 22.1722
      vertex 157.2 22.2 25.1921
      vertex 157.2 19.2 21.0596
    endloop
  endfacet
  facet normal -1 0 0
    outer loop
      vertex 157.2 22.2 25.1921
      vertex 157.2 19.2 30.1192
      vertex 157.2 22.2 30.1192
    endloop
  endfacet
  facet normal -1 -0 0
    outer loop
      vertex 157.2 22.2 25.1921
      vertex 157.2 16.2 22.1722
      vertex 157.2 19.2 30.1192
    endloop
  endfacet
  facet normal -1 0 0
    outer loop
      vertex 157.2 16.2 22.1722
      vertex 157.2 19.2 21.0596
      vertex 157.2 16.2 21.0596
    endloop
  endfacet
  facet normal -1 0 0
    outer loop
      vertex 157.2 16.2 30.2781
      vertex 157.2 19.2 30.1192
      vertex 157.2 16.2 22.1722
    endloop
  endfacet
  facet normal -1 0 0
    outer loop
      vertex 157.2 19.2 30.1192
      vertex 157.2 16.2 30.2781
      vertex 157.2 19.2 30.2781
    endloop
  endfacet
  facet normal -1 0 0
    outer loop
      vertex 157.2 13.2 17.5629
      vertex 157.2 16.2 21.0596
      vertex 157.2 16.2 17.5629
    endloop
  endfacet
  facet normal -1 0 0
    outer loop
      vertex 157.2 13.2 22.1722
      vertex 157.2 16.2 21.0596
      vertex 157.2 13.2 17.5629
    endloop
  endfacet
  facet normal -1 0 0
    outer loop
      vertex 157.2 16.2 21.0596
      vertex 157.2 13.2 22.1722
      vertex 157.2 16.2 22.1722
    endloop
  endfacet
  facet normal 1 -0 0
    outer loop
      vertex 157.2 10.2 24.3974
      vertex 157.2 13.2 22.1722
      vertex 157.2 13.2 24.3974
    endloop
  endfacet
  facet normal 1 0 0
    outer loop
      vertex 157.2 10.2 15.8146
      vertex 157.2 13.2 22.1722
      vertex 157.2 10.2 24.3974
    endloop
  endfacet
  facet normal 1 0 0
    outer loop
      vertex 157.2 13.2 22.1722
      vertex 157.2 10.2 15.8146
      vertex 157.2 13.2 17.5629
    endloop
  endfacet
  facet normal 1 0 0
    outer loop
      vertex 157.2 13.2 17.5629
      vertex 157.2 10.2 15.8146
      vertex 157.2 13.2 15.8146
    endloop
  endfacet
  facet normal -0 0 1
    outer loop
      vertex 154.2 13.2 24.3974
      vertex 157.2 10.2 24.3974
      vertex 157.2 13.2 24.3974
    endloop
  endfacet
  facet normal 0 0 1
    outer loop
      vertex 157.2 10.2 24.3974
      vertex 154.2 13.2 24.3974
      vertex 154.2 10.2 24.3974
    endloop
  endfacet
  facet normal -0 0 1
    outer loop
      vertex 154.2 16.2 17.5629
      vertex 157.2 13.2 17.5629
      vertex 157.2 16.2 17.5629
    endloop
  endfacet
  facet normal 0 0 1
    outer loop
      vertex 157.2 13.2 17.5629
      vertex 154.2 16.2 17.5629
      vertex 154.2 13.2 17.5629
    endloop
  endfacet
  facet normal 0 -1 0
    outer loop
      vertex 157.2 16.2 22.1722
      vertex 160.2 16.2 30.2781
      vertex 157.2 16.2 30.2781
    endloop
  endfacet
  facet normal 0 -1 -0
    outer loop
      vertex 160.2 16.2 30.2781
      vertex 157.2 16.2 22.1722
      vertex 160.2 16.2 22.1722
    endloop
  endfacet
  facet normal 0 -1 0
    outer loop
      vertex 154.2 16.2 18.0397
      vertex 157.2 16.2 21.0596
      vertex 154.2 16.2 21.0596
    endloop
  endfacet
  facet normal 0 -1 0
    outer loop
      vertex 157.2 16.2 17.5629
      vertex 154.2 16.2 18.0397
      vertex 154.2 16.2 17.5629
    endloop
  endfacet
  facet normal 0 -1 0
    outer loop
      vertex 154.2 16.2 18.0397
      vertex 157.2 16.2 17.5629
      vertex 157.2 16.2 21.0596
    endloop
  endfacet
  facet normal 0 -1 0
    outer loop
      vertex 160.2 16.2 12.1589
      vertex 163.2 16.2 12.6358
      vertex 160.2 16.2 12.6358
    endloop
  endfacet
  facet normal 0 -1 -0
    outer loop
      vertex 163.2 16.2 12.6358
      vertex 160.2 16.2 12.1589
      vertex 163.2 16.2 12.1589
    endloop
  endfacet
  facet normal -0 0 1
    outer loop
      vertex 154.2 19.2 21.0596
      vertex 157.2 16.2 21.0596
      vertex 157.2 19.2 21.0596
    endloop
  endfacet
  facet normal 0 0 1
    outer loop
      vertex 157.2 16.2 21.0596
      vertex 154.2 19.2 21.0596
      vertex 154.2 16.2 21.0596
    endloop
  endfacet
  facet normal -0 0 1
    outer loop
      vertex 154.2 22.2 12.9536
      vertex 157.2 19.2 12.9536
      vertex 157.2 22.2 12.9536
    endloop
  endfacet
  facet normal 0 0 1
    outer loop
      vertex 157.2 19.2 12.9536
      vertex 154.2 22.2 12.9536
      vertex 154.2 19.2 12.9536
    endloop
  endfacet
  facet normal -1 0 0
    outer loop
      vertex 154.2 19.2 12
      vertex 154.2 22.2 12.9536
      vertex 154.2 22.2 12
    endloop
  endfacet
  facet normal -1 -0 0
    outer loop
      vertex 154.2 22.2 12.9536
      vertex 154.2 19.2 12
      vertex 154.2 19.2 12.9536
    endloop
  endfacet
  facet normal -0 0 1
    outer loop
      vertex 154.2 25.2 25.1921
      vertex 157.2 22.2 25.1921
      vertex 157.2 25.2 25.1921
    endloop
  endfacet
  facet normal 0 0 1
    outer loop
      vertex 157.2 22.2 25.1921
      vertex 154.2 25.2 25.1921
      vertex 154.2 22.2 25.1921
    endloop
  endfacet
  facet normal 1 0 0
    outer loop
      vertex 160.2 22.2 30.1192
      vertex 160.2 25.2 36
      vertex 160.2 22.2 36
    endloop
  endfacet
  facet normal 1 0 0
    outer loop
      vertex 160.2 25.2 36
      vertex 160.2 22.2 30.1192
      vertex 160.2 25.2 12
    endloop
  endfacet
  facet normal 1 0 0
    outer loop
      vertex 160.2 16.2 22.1722
      vertex 160.2 22.2 30.1192
      vertex 160.2 19.2 30.1192
    endloop
  endfacet
  facet normal 1 0 0
    outer loop
      vertex 160.2 22.2 30.1192
      vertex 160.2 16.2 22.1722
      vertex 160.2 25.2 12
    endloop
  endfacet
  facet normal 1 0 0
    outer loop
      vertex 160.2 25.2 12
      vertex 160.2 19.2 12.6358
      vertex 160.2 19.2 12
    endloop
  endfacet
  facet normal 1 -0 0
    outer loop
      vertex 160.2 16.2 30.2781
      vertex 160.2 19.2 30.1192
      vertex 160.2 19.2 30.2781
    endloop
  endfacet
  facet normal 1 0 0
    outer loop
      vertex 160.2 19.2 30.1192
      vertex 160.2 16.2 30.2781
      vertex 160.2 16.2 22.1722
    endloop
  endfacet
  facet normal 1 0 0
    outer loop
      vertex 160.2 25.2 12
      vertex 160.2 16.2 22.1722
      vertex 160.2 19.2 12.6358
    endloop
  endfacet
  facet normal 1 -0 0
    outer loop
      vertex 160.2 13.2 15.8146
      vertex 160.2 19.2 12.6358
      vertex 160.2 16.2 22.1722
    endloop
  endfacet
  facet normal 1 0 0
    outer loop
      vertex 160.2 19.2 12.6358
      vertex 160.2 13.2 15.8146
      vertex 160.2 16.2 12.6358
    endloop
  endfacet
  facet normal 1 0 0
    outer loop
      vertex 160.2 13.2 15.8146
      vertex 160.2 16.2 22.1722
      vertex 160.2 13.2 22.1722
    endloop
  endfacet
  facet normal 1 0 0
    outer loop
      vertex 160.2 13.2 12.1589
      vertex 160.2 16.2 12.6358
      vertex 160.2 13.2 15.8146
    endloop
  endfacet
  facet normal 1 0 0
    outer loop
      vertex 160.2 16.2 12.6358
      vertex 160.2 13.2 12.1589
      vertex 160.2 16.2 12.1589
    endloop
  endfacet
  facet normal 1 -0 0
    outer loop
      vertex 160.2 10.2 15.8146
      vertex 160.2 13.2 12.1589
      vertex 160.2 13.2 15.8146
    endloop
  endfacet
  facet normal 1 0 0
    outer loop
      vertex 160.2 10.2 12
      vertex 160.2 13.2 12.1589
      vertex 160.2 10.2 15.8146
    endloop
  endfacet
  facet normal 1 0 0
    outer loop
      vertex 160.2 13.2 12.1589
      vertex 160.2 10.2 12
      vertex 160.2 13.2 12
    endloop
  endfacet
  facet normal -0 0 1
    outer loop
      vertex 157.2 13.2 15.8146
      vertex 160.2 10.2 15.8146
      vertex 160.2 13.2 15.8146
    endloop
  endfacet
  facet normal 0 0 1
    outer loop
      vertex 160.2 10.2 15.8146
      vertex 157.2 13.2 15.8146
      vertex 157.2 10.2 15.8146
    endloop
  endfacet
  facet normal 0 -1 0
    outer loop
      vertex 157.2 13.2 17.5629
      vertex 160.2 13.2 22.1722
      vertex 157.2 13.2 22.1722
    endloop
  endfacet
  facet normal 0 -1 0
    outer loop
      vertex 160.2 13.2 15.8146
      vertex 157.2 13.2 17.5629
      vertex 157.2 13.2 15.8146
    endloop
  endfacet
  facet normal 0 -1 0
    outer loop
      vertex 157.2 13.2 17.5629
      vertex 160.2 13.2 15.8146
      vertex 160.2 13.2 22.1722
    endloop
  endfacet
  facet normal -0 0 1
    outer loop
      vertex 157.2 16.2 22.1722
      vertex 160.2 13.2 22.1722
      vertex 160.2 16.2 22.1722
    endloop
  endfacet
  facet normal 0 0 1
    outer loop
      vertex 160.2 13.2 22.1722
      vertex 157.2 16.2 22.1722
      vertex 157.2 13.2 22.1722
    endloop
  endfacet
  facet normal -0 0 1
    outer loop
      vertex 157.2 19.2 30.2781
      vertex 160.2 16.2 30.2781
      vertex 160.2 19.2 30.2781
    endloop
  endfacet
  facet normal 0 0 1
    outer loop
      vertex 160.2 16.2 30.2781
      vertex 157.2 19.2 30.2781
      vertex 157.2 16.2 30.2781
    endloop
  endfacet
  facet normal -0 0 1
    outer loop
      vertex 157.2 22.2 30.1192
      vertex 160.2 19.2 30.1192
      vertex 160.2 22.2 30.1192
    endloop
  endfacet
  facet normal 0 0 1
    outer loop
      vertex 160.2 19.2 30.1192
      vertex 157.2 22.2 30.1192
      vertex 157.2 19.2 30.1192
    endloop
  endfacet
  facet normal 0 -1 0
    outer loop
      vertex 157.2 22.2 30.1192
      vertex 160.2 22.2 36
      vertex 157.2 22.2 36
    endloop
  endfacet
  facet normal 0 -1 -0
    outer loop
      vertex 160.2 22.2 36
      vertex 157.2 22.2 30.1192
      vertex 160.2 22.2 30.1192
    endloop
  endfacet
  facet normal -0 0 1
    outer loop
      vertex 157.2 25.2 36
      vertex 160.2 22.2 36
      vertex 160.2 25.2 36
    endloop
  endfacet
  facet normal 0 0 1
    outer loop
      vertex 160.2 22.2 36
      vertex 157.2 25.2 36
      vertex 157.2 22.2 36
    endloop
  endfacet
  facet normal -1 0 0
    outer loop
      vertex 163.2 13.2 12.1589
      vertex 163.2 16.2 12.6358
      vertex 163.2 16.2 12.1589
    endloop
  endfacet
  facet normal -1 -0 0
    outer loop
      vertex 163.2 16.2 12.6358
      vertex 163.2 13.2 12.1589
      vertex 163.2 16.2 12.7947
    endloop
  endfacet
  facet normal -1 0 0
    outer loop
      vertex 163.2 13.2 13.2715
      vertex 163.2 16.2 12.7947
      vertex 163.2 13.2 12.1589
    endloop
  endfacet
  facet normal -1 0 0
    outer loop
      vertex 163.2 16.2 12.7947
      vertex 163.2 13.2 13.2715
      vertex 163.2 16.2 13.2715
    endloop
  endfacet
  facet normal -1 0 0
    outer loop
      vertex 163.2 16.2 12.6358
      vertex 163.2 19.2 12.7947
      vertex 163.2 19.2 12.6358
    endloop
  endfacet
  facet normal -1 -0 0
    outer loop
      vertex 163.2 19.2 12.7947
      vertex 163.2 16.2 12.6358
      vertex 163.2 16.2 12.7947
    endloop
  endfacet
  facet normal -0 0 1
    outer loop
      vertex 160.2 16.2 12.1589
      vertex 163.2 13.2 12.1589
      vertex 163.2 16.2 12.1589
    endloop
  endfacet
  facet normal 0 0 1
    outer loop
      vertex 163.2 13.2 12.1589
      vertex 160.2 16.2 12.1589
      vertex 160.2 13.2 12.1589
    endloop
  endfacet
  facet normal 0 -1 0
    outer loop
      vertex 160.2 13.2 12
      vertex 163.2 13.2 12.1589
      vertex 160.2 13.2 12.1589
    endloop
  endfacet
  facet normal 0 -1 -0
    outer loop
      vertex 163.2 13.2 12.1589
      vertex 160.2 13.2 12
      vertex 166.2 13.2 12.1589
    endloop
  endfacet
  facet normal 0 -1 0
    outer loop
      vertex 169.2 13.2 12
      vertex 166.2 13.2 12.1589
      vertex 160.2 13.2 12
    endloop
  endfacet
  facet normal 0 -1 0
    outer loop
      vertex 166.2 13.2 12.1589
      vertex 169.2 13.2 12
      vertex 169.2 13.2 12.1589
    endloop
  endfacet
  facet normal 0 -1 0
    outer loop
      vertex 163.2 13.2 12.1589
      vertex 166.2 13.2 13.2715
      vertex 163.2 13.2 13.2715
    endloop
  endfacet
  facet normal 0 -1 -0
    outer loop
      vertex 166.2 13.2 13.2715
      vertex 163.2 13.2 12.1589
      vertex 166.2 13.2 12.1589
    endloop
  endfacet
  facet normal -0 0 1
    outer loop
      vertex 160.2 19.2 12.6358
      vertex 163.2 16.2 12.6358
      vertex 163.2 19.2 12.6358
    endloop
  endfacet
  facet normal 0 0 1
    outer loop
      vertex 163.2 16.2 12.6358
      vertex 160.2 19.2 12.6358
      vertex 160.2 16.2 12.6358
    endloop
  endfacet
  facet normal 1 0 0
    outer loop
      vertex 166.2 16.2 12.1589
      vertex 166.2 19.2 12.7947
      vertex 166.2 16.2 12.7947
    endloop
  endfacet
  facet normal 1 0 0
    outer loop
      vertex 166.2 19.2 12.7947
      vertex 166.2 16.2 12.1589
      vertex 166.2 19.2 12
    endloop
  endfacet
  facet normal 1 0 0
    outer loop
      vertex 166.2 19.2 12
      vertex 166.2 16.2 12.1589
      vertex 166.2 16.2 12
    endloop
  endfacet
  facet normal 1 -0 0
    outer loop
      vertex 166.2 13.2 13.2715
      vertex 166.2 16.2 12.7947
      vertex 166.2 16.2 13.2715
    endloop
  endfacet
  facet normal 1 0 0
    outer loop
      vertex 166.2 13.2 12.1589
      vertex 166.2 16.2 12.7947
      vertex 166.2 13.2 13.2715
    endloop
  endfacet
  facet normal 1 0 0
    outer loop
      vertex 166.2 16.2 12.7947
      vertex 166.2 13.2 12.1589
      vertex 166.2 16.2 12.1589
    endloop
  endfacet
  facet normal -0 0 1
    outer loop
      vertex 163.2 16.2 13.2715
      vertex 166.2 13.2 13.2715
      vertex 166.2 16.2 13.2715
    endloop
  endfacet
  facet normal 0 0 1
    outer loop
      vertex 166.2 13.2 13.2715
      vertex 163.2 16.2 13.2715
      vertex 163.2 13.2 13.2715
    endloop
  endfacet
  facet normal 0 1 -0
    outer loop
      vertex 166.2 16.2 12.7947
      vertex 163.2 16.2 13.2715
      vertex 166.2 16.2 13.2715
    endloop
  endfacet
  facet normal 0 1 0
    outer loop
      vertex 163.2 16.2 13.2715
      vertex 166.2 16.2 12.7947
      vertex 163.2 16.2 12.7947
    endloop
  endfacet
  facet normal -0 0 1
    outer loop
      vertex 163.2 19.2 12.7947
      vertex 166.2 16.2 12.7947
      vertex 166.2 19.2 12.7947
    endloop
  endfacet
  facet normal 0 0 1
    outer loop
      vertex 166.2 16.2 12.7947
      vertex 163.2 19.2 12.7947
      vertex 163.2 16.2 12.7947
    endloop
  endfacet
  facet normal 1 -0 0
    outer loop
      vertex 169.2 13.2 12.1589
      vertex 169.2 16.2 12
      vertex 169.2 16.2 12.1589
    endloop
  endfacet
  facet normal 1 0 0
    outer loop
      vertex 169.2 16.2 12
      vertex 169.2 13.2 12.1589
      vertex 169.2 13.2 12
    endloop
  endfacet
  facet normal -0 0 1
    outer loop
      vertex 166.2 16.2 12.1589
      vertex 169.2 13.2 12.1589
      vertex 169.2 16.2 12.1589
    endloop
  endfacet
  facet normal 0 0 1
    outer loop
      vertex 169.2 13.2 12.1589
      vertex 166.2 16.2 12.1589
      vertex 166.2 13.2 12.1589
    endloop
  endfacet
  facet normal 0 1 -0
    outer loop
      vertex 169.2 16.2 12
      vertex 166.2 16.2 12.1589
      vertex 169.2 16.2 12.1589
    endloop
  endfacet
  facet normal 0 1 0
    outer loop
      vertex 166.2 16.2 12.1589
      vertex 169.2 16.2 12
      vertex 166.2 16.2 12
    endloop
  endfacet
endsolid OpenSCAD_Model
